id,isbn,author,title,isbn13,asin,kindle_asin,marketplace_id,country_code,publication_date,publisher,language_code,is_ebook,books_count,best_book_id,reviews_count,ratings_sum,ratings_count,text_reviews_count,original_publication_date,original_title,media_type,num_ratings_5,num_ratings_4,num_ratings_3,num_ratings_2,num_ratings_1,average_rating,num_pages,format,edition_information,ratings_count_global,text_reviews_count_global,authors,to_read,read,currently_reading
2,0439358078,,"Harry Potter and the Order of the Phoenix (Harry Potter, #5)",9780439358071,,,,ES,2004/9/1,Scholastic Inc.,eng,false,356,2,2534855,9477787,2113330,34883,2003/6/21,Harry Potter and the Order of the Phoenix,book,1320471,552239,195892,34072,10656,4.48,870,Paperback,First Scholastica trade paperback printing (US Edition),1971413,27103,"['J.K. Rowling', 'Mary GrandPré']",1174,7794,35241
4,0439554896,,"Harry Potter and the Chamber of Secrets (Harry Potter, #2)",9780439554893,,,,ES,2003/11/1,Scholastic,eng,false,172,15881,2927383,9942446,2256853,43030,1998/7/2,Harry Potter and the Chamber of Secrets,book,1301448,633878,266306,45555,9666,4.41,352,Hardcover,,6262,270,['J.K. Rowling'],912,11561,39156
6,0439139600,,"Harry Potter and the Goblet of Fire (Harry Potter, #4)",9780439139601,,,,ES,2002/9/28,Scholastic,eng,false,132,6,2791268,9811187,2157991,38015,2000/7/8,Harry Potter and the Goblet of Fire,book,1410827,552814,164740,21966,7644,4.55,734,Paperback,First Scholastic Trade Paperback Edition,2003241,29093,"['J.K. Rowling', 'Mary GrandPré']",187265,8960,39637
8,0439682584,,"Harry Potter Boxed Set, Books 1-5 (Harry Potter, #1-5)",9780439682589,,,,ES,2004/9/13,Scholastic,eng,false,11,8,43859,187066,39134,157,2003/10/1,,book,33234,4187,1089,257,367,4.78,2690,Paperback,,38902,153,"['J.K. Rowling', 'Mary GrandPré']",3612,13,97
10,0439827604,,"Harry Potter Collection (Harry Potter, #1-6)",9780439827607,,,,ES,2005/9/12,Scholastic,eng,false,6,10,37473,137459,29058,939,2005/1/1,"Harry Potter Collection (Harry Potter, #1-6)",book,23380,4206,1030,203,239,4.73,3342,Hardcover,Box Set,27286,814,['J.K. Rowling'],4521,24,189
12,0517226952,,"The Ultimate Hitchhiker's Guide: Five Complete Novels and One Story (Hitchhiker's Guide to the Galaxy, #1-5)",9780517226957,,,,ES,2005/11/1,Gramercy Books,eng,false,42,13,385134,1124285,256649,4795,1996/1/17,The Ultimate Hitchhiker's Guide: Five Complete Novels and One Story,book,147731,71271,28064,6771,2812,4.38,815,Leather Bound,,3589,258,['Douglas Adams'],93424,235,11483
14,1400052920,,"The Hitchhiker's Guide to the Galaxy (Hitchhiker's Guide to the Galaxy, #1)",9781400052929,,,,ES,2004/8/3,Crown,eng,false,306,386162,1830045,5072571,1202961,25067,1979/10/12,The Hitchhiker's Guide to the Galaxy,book,604108,355098,169515,48854,25386,4.22,215,Hardcover,25th Anniversary ,4352,402,['Douglas Adams'],1261,2439,19114
16,0739322206,,"The Hitchhiker's Guide to the Galaxy (Hitchhiker's Guide to the Galaxy, #1)",9780739322208,,,,ES,2005/3/23,Random House Audio,eng,false,306,386162,1830045,5072571,1202961,25067,1979/10/12,The Hitchhiker's Guide to the Galaxy,book,604108,355098,169515,48854,25386,4.22,6,Audio CD,Unabridged,1208,250,"['Douglas Adams', 'Stephen Fry']",1261,2439,19114
18,0517149257,,The Ultimate Hitchhiker's Guide (Hitchhiker's Guide to the Galaxy #1-5),9780517149256,,,,ES,1996/1/17,Wings Books,en-US,false,42,13,385134,1124285,256649,4795,1996/1/17,The Ultimate Hitchhiker's Guide: Five Complete Novels and One Story,book,147731,71271,28064,6771,2812,4.38,815,Hardcover,First Edition,2778,190,['Douglas Adams'],93424,235,11483
24,0767903862,,In a Sunburned Country,9780767903868,,,,ES,2001/5/15,Broadway Books,eng,false,87,24,125968,315758,77678,4978,2000/6/18,Down Under,book,27384,32145,14765,2579,805,4.06,335,Paperback,,67392,4030,['Bill Bryson'],38388,162,2064
30,0345538374,,J.R.R. Tolkien 4-Book Boxed Set: The Hobbit and The Lord of the Rings,9780345538376,,,,ES,2012/9/25,Ballantine Books,eng,false,79,30,141592,464242,101134,1675,1955/10/20,,book,71310,21365,6192,1389,878,4.59,1728,Mass Market Paperback,Hobbit Movie Tie-in Boxed set,97078,1523,['J.R.R. Tolkien'],26173,28,1221
34,0618346252,,"The Fellowship of the Ring (The Lord of the Rings, #1)",9780618346257,,,,ES,2003/9/5,Houghton Mifflin Harcourt,eng,false,527,34,2629973,9016689,2072364,18275,1954/7/29, The Fellowship of the Ring,book,1196771,550932,221731,60983,41947,4.35,398,Paperback,Media Tie-In Edition,1989208,12549,['J.R.R. Tolkien'],8568,1680,30227
38,0618153977,,The Lord of the Rings Box Set,9780618153978,,,,ES,2001/9/19,,eng,false,460,33,747014,2212498,492779,10521,1955/10/20,The Lord of the Rings,book,318402,117995,40914,10298,5170,4.49,1223,,,216,19,['J.R.R. Tolkien'],153158,989,20281
46,1932394745,,Ruby Quickly: Ruby and Rails for the Real World,9781932394740,,,,ES,2006/8/1,Manning Publications,,false,1,46,21,17,5,0,2006/8/1,Ruby Quickly: Ruby and Rails for the Real World,book,2,0,2,0,1,3.40,360,Paperback,,5,0,['Mark   Watson'],6,0,1
50,0689840926,,Hatchet,9780689840920,,,,ES,2000/4/1,Atheneum Books for Young Readers: Richard Jackson Books,eng,false,102,50,355317,982600,265429,12509,1986/11/1,Hatchet,book,76750,84219,66404,24706,13350,3.70,208,Hardcover,,252681,11166,['Gary Paulsen'],41856,1195,3923
54,1575606240,,Molly Hatchet - 5 of the Best,9781575606248,,,,ES,2003/6/10,Cherry Lane Music Company,eng,false,1,54,11,26,6,0,2003/6/10,Molly Hatchet - 5 of the Best,book,5,0,0,0,1,4.33,56,Paperback,,6,0,['Molly Hatchet'],3,0,
56,0912299622,,The Woodsman and His Hatchet: Eighty Years on Back Country Survival,9780912299624,,,,ES,1996/10/1,Stoneydale Press,,false,1,56,36,37,10,1,1996/10/1,The Woodsman and His Hatchet: Eighty Years on Back Country Survival,book,4,1,3,2,0,3.70,150,Paperback,,10,1,['Bud Cheff Sr.'],21,0,1
58,0670059676,,"Changeling (Changeling, #1)",9780670059676,,,,ES,2006/8/17,Viking Juvenile,eng,false,8,58,3553,3671,1018,123,2006/8/17,Changeling,book,221,342,326,91,38,3.61,256,Hardcover,,956,112,['Delia Sherman'],2284,12,13
66,0449146979,,"The Changeling (Daughters of England, #15)",9780449146972,,,,ES,1990/8/28,Ivy Books,eng,false,17,66,877,1683,421,19,1989/5/3,The Changeling,book,150,144,105,20,2,4.00,369,Mass Market Paperback,,336,12,['Philippa Carr'],305,12,20
72,1932386106,,Artesia: Adventures in the Known World,9781932386103,,,,ES,2005/12/14,Archaia,eng,false,1,72,97,208,50,4,2005/12/14,Artesia: Adventures in the Known World,book,18,23,8,1,0,4.16,352,Hardcover,,50,4,['Mark Smylie'],33,1,1
76,0374519749,,Heirs of General Practice,9780374519742,,,,ES,1986/4/1,"Farrar, Straus and Giroux",eng,false,4,76,484,1099,264,16,1986/4/1,Heirs of General Practice,book,101,111,47,4,1,4.16,128,Paperback,1st THUS edition,251,16,['John McPhee'],166,6,3
82,0374256861,,"The Second John McPhee Reader (John McPhee Reader, #2)",9780374256869,,,,ES,1996/2/28,"Farrar, Straus and Giroux",,false,5,19895,443,859,197,16,1996/2/28,The Second John McPhee Reader,book,100,70,25,2,0,4.36,393,Hardcover,1st edition,6,1,"['John McPhee', 'David Remnick', 'Patricia Strachan']",189,5,14
88,1929180896,,Love Your Handwriting (Creating Keepsakes),9781929180899,,,,ES,2005/8/28,CK Media,,false,1,88,168,315,87,8,2005/8/28,Love Your Handwriting,book,22,26,24,14,1,3.62,,Spiral Bound,With Workbook and Ruler and Pen &amp; Pencil and Eraser,87,8,"['Heidi Swapp', 'Creating Keepsakes']",60,1,2
90,1581807740,,Simply Beautiful Beaded Jewelry,9781581807745,,,,ES,2006/3/14,North Light Books,en-US,false,4,90,138,236,63,5,2006/2/28,Simply Beautiful Beaded Jewelry,book,16,22,19,5,1,3.75,128,Paperback,,61,4,['Heidi Boyd'],50,4,2
92,0871202867,,Mapping the Big Picture: Integrating Curriculum & Assessment K-12,9780871202864,,,,ES,1997/1/28,Association for Supervision & Curriculum Development,en-US,false,1,92,135,250,68,1,1997/1/28,Mapping the Big Picture: Integrating Curriculum & Assessment K-12,book,18,19,25,3,3,3.68,72,Paperback,,68,1,['Heidi Hayes Jacobs'],40,1,1
94,0871209993,,Getting Results with Curriculum Mapping,9780871209993,,,,ES,2004/11/15,ASCD,eng,false,3,94,105,170,52,5,2004/1/1,Getting Results With Curriculum Mapping,book,11,7,21,11,2,3.27,192,Paperback,,52,5,['Heidi Hayes Jacobs'],27,0,
96,1852402873,,There's Always Enough: The Miraculous Move of God in Mozambique,9781852402877,,,,ES,2003/4/28,Sovereign World,eng,false,2,91,2052,4242,951,66,2001/7/2,Always Enough: Gods Miraculous Provision among the Poorest Children on Earth,book,595,234,95,19,8,4.46,192,Paperback,,34,6,"['Rolland Baker', 'Heidi Baker']",948,12,45
98,0761129588,,What to Expect the First Year (What to Expect),9780761129585,,,,ES,2003/10/16,Workman Publishing Company,eng,false,63,98,23527,56737,14631,873,2010/5/30,What to Expect the First Year,book,4679,5124,3584,850,394,3.88,832,Paperback,2nd Edition,11436,655,"['Heidi Murkoff', 'Sharon Mazel', 'Heidi Murkoff', 'Arlene Eisenberg', 'Sandee Hathaway', 'Mark D. Widome']",2920,69,2966
100,1581805632,,Simply Beautiful Beading: 53 Quick and Easy Projects,9781581805635,,,,ES,2004/8/19,North Light Books,en-US,false,6,100,168,311,83,4,2004/8/5,,book,21,29,24,9,0,3.75,128,Paperback,,75,4,['Heidi Boyd'],46,1,2
104,0441013597,,"Dune (Dune Chronicles, #1)",9780441013593,,,,ES,2005/8/2,Ace Books,eng,false,286,234225,982707,2553273,605903,16031,1965/6/1,Dune,book,305899,177548,83004,25122,14330,4.21,528,Paperback,40th Anniversary Edition,3760,419,['Frank Herbert'],308066,1059,20542
108,074340730X,,The Secrets of Frank Herbert's Dune,9780743407304,,,,ES,2000/10/31,iBooks,,false,3,108,124,149,42,0,2000/10/1,The Secrets of Frank Herbert's Dune,book,10,10,15,7,0,3.55,160,Paperback,BK &amp; DVD,42,0,"['James Van Hise', 'Michael D. Messina']",62,0,
110,0765353709,,The Road to Dune (Dune Universe),9780765353702,,,,ES,2006/8/29,Tor Science Fiction,eng,false,4,110,8618,18614,4811,107,2005/9/1,The Road to Dune,book,1627,1450,1309,327,98,3.87,426,Paperback,,4505,76,"['Frank Herbert', 'Brian Herbert', 'Kevin J. Anderson']",2937,8,63
112,0441104029,,Children of Dune (Dune Chronicles #3),9780441104024,,,,ES,1987/5/15,Ace Books,eng,false,128,112,128871,355135,90653,1690,1976/4/21,Children of Dune,book,27434,35031,22419,4815,954,3.92,408,Mass Market Paperback,,83321,1341,['Frank Herbert'],21801,113,1695
118,1559948981,,The Battles of Dune,9781559948982,,,,ES,1994/1/4,HarperAudio,eng,false,1,118,885,1747,418,0,1994/1/4,Battles of Dune,book,205,122,62,19,10,4.18,,Audiobook,Abridged,418,0,"['Felix  Salten', 'Frank Herbert']",455,5,
128,0883686287,,The Power of One Christlike Life,9780883686287,,,,ES,2000/7/1,Whitaker House,,false,2,128,85,147,35,2,2000/1/1,The Power of One Christlike Life,book,20,7,4,3,1,4.20,159,Paperback,,32,1,['Francis Frangipane'],48,0,2
130,0471780936,,Power of an Hour: Business and Life Mastery in One Hour a Week,9780471780939,,,,ES,2006/5/19,Wiley,eng,false,12,130,393,580,177,18,2006/5/19,The Power of an Hour: Business and Life Mastery in One Hour a Week,book,29,47,56,34,11,3.28,205,Hardcover,,157,15,['Dave Lakhani'],164,6,11
132,006076287X,,"How to Buy, Sell & Profit on eBay: Kick-Start Your Home-Based Business in Just Thirty Days",9780060762872,,,,ES,2005/5/3,William Morrow Paperbacks,eng,false,3,132,226,290,83,9,2005/5/3,"How to Buy, Sell & Profit on eBay: Kick-Start Your Home-Based Business in Just Thirty Days",book,13,30,26,13,1,3.49,336,Paperback,,73,9,['Adam Ginsberg'],45,2,68
134,0072258691,,eBay PowerSeller Secrets: Insider Tips from eBay's Most Successful Sellers,9780072258691,,,,ES,2004/9/24,McGraw-Hill/Osborne,,false,8,134,117,214,60,5,2004/9/24,eBay PowerSeller Secrets: Insider Tips from eBay's Most Successful Sellers,book,13,20,20,2,5,3.57,385,Paperback,,39,2,"['Debra Schepp', 'Brad Schepp', 'Michael  Kaiser']",36,0,
140,0764584383,,eBay Business All-in-One Desk Reference for Dummies,9780764584381,,,,ES,2005/4/25,Wiley,en-US,false,7,140,64,70,18,3,2005/4/15,eBay Business All-in-One Desk Reference for Dummies,book,5,9,2,1,1,3.89,864,Paperback,,17,3,['Marsha Collier'],30,1,3
142,0806523492,,Ruby Ann's Down Home Trailer Park Cookbook,9780806523491,,,,ES,2005/5/3,Citadel,eng,false,3,142,85,192,47,5,2002/5/1,Ruby Ann's Down Home Trailer Park Cookbook,book,21,14,9,1,2,4.09,240,Paperback,1st Edition,47,5,['Ruby Ann Boxcar'],27,0,1
144,0806525363,,Ruby Ann's Down Home Trailer Park BBQin' Cookbook,9780806525365,,,,ES,2005/5/3,Citadel,eng,false,1,144,20,49,12,2,2003/5/3,Ruby Ann's Down Home Trailer Park BBQin' Cookbook,book,3,8,0,1,0,4.08,206,Paperback,,12,2,['Ruby Ann Boxcar'],6,0,
146,0809231530,,Ruby's Low-Fat Soul Food Cookbook,9780809231539,,,,ES,1996/9/1,McGraw-Hill/Contemporary Books,,false,1,146,10,24,5,0,1996/9/1,Ruby's Low-Fat Soul Food Cookbook,book,4,1,0,0,0,4.80,175,Paperback,,5,0,['Ruby Banks-Payne'],5,0,
154,0822001837,,CliffsNotes on Tolstoy's Anna Karenina,9780822001836,,,,ES,1965/11/26,Cliffs Notes,eng,false,5,154,57,74,19,3,1965/11/26,CliffsNotes on Tolstoy's Anna Karenina ,book,9,4,2,3,1,3.89,80,Paperback,CliffsNotes Literature Guides,15,3,"['Marianne Sturman', 'Leo Tolstoy']",15,2,7
160,0521313252,,Tolstoy: Anna Karenina,9780521313254,,,,ES,2010/5/5,Cambridge University Press,eng,false,3,160,2367,4992,1191,32,1987/11/26,Tolstoy: Anna Karenina,book,559,399,161,46,26,4.19,128,Paperback,Landmarks of World Literature Series,1188,32,['Anthony Thorlby'],838,18,113
168,0742508803,,Growing Up Untouchable in India: A Dalit Autobiography,9780742508804,,,,ES,2000/12/20,Rowman & Littlefield Publishers,eng,false,4,168,185,68,19,4,2000/12/20,Growing Up Untouchable in India: A Dalit Autobiography,book,6,5,4,2,2,3.58,224,Hardcover,,16,4,"['Vasant Moon', 'Gail Omvedt', 'Eleanor Zelliot']",133,5,5
170,0195171713,,The Book of Evidence,9780195171716,,,,ES,2003/11/20,Oxford University Press,,false,3,170,45,43,11,2,2003/11/20,The Book of Evidence,book,4,3,3,1,0,3.91,304,Paperback,,11,2,['Peter Achinstein'],28,0,2
182,043927169X,,Literature Circle Guide: A Wrinkle in Time,9780439271691,,,,ES,2002/1/1,Teaching Resources,eng,false,1,182,30,50,14,0,2002/1/1,Literature Circle Guide: A Wrinkle in Time,book,6,2,2,2,2,3.57,32,Paperback,,14,0,['Tara MacCarthy'],9,0,
184,0738817538,,Empress in the Wrinkle of Time: The Knight-King Chronicle,9780738817538,,,,ES,2000/8/28,Xlibris Corporation,,false,2,184,6,17,4,0,2000/8/28,Empress in the Wrinkle of Time: The Knight-King Chronicle,book,3,0,0,1,0,4.25,508,Paperback,1st edition,4,0,['Valerie Metcalf Estoye'],3,0,
204,0751506435,,"The Long Shadow (The Morland Dynasty, #6)",9780751506433,,,,ES,1994/6/1,"Little, Brown Book Group",eng,false,11,204,759,1731,421,19,1983/7/14,The Long Shadow,book,166,156,82,14,3,4.11,367,Paperback,,358,16,['Cynthia Harrod-Eagles'],206,16,14
206,0742548686,,Vicksburg's Long Shadow: The Civil War Legacy of Race and Remembrance,9780742548688,,,,ES,2005/8/31,Rowman & Littlefield Publishers,,false,1,206,30,43,12,3,2005/10/25,Vicksburg's Long Shadow: The Civil War Legacy of Race and Remembrance,book,3,3,4,2,0,3.58,344,Hardcover,,12,3,['Christopher Waldrep'],15,1,
208,0765313405,,"A Shadow in Summer (Long Price Quartet, #1)",9780765313409,,,,ES,2006/3/7,Tor Books,eng,false,18,208,30335,37861,10523,691,2006/3/7,A Shadow in Summer,book,1910,4086,3244,952,331,3.60,331,Hardcover,First Edition,9441,595,['Daniel Abraham'],12193,126,245
218,1842430017,,The Woman Chaser,9781842430019,,,,ES,1960/4/1,Newstand Library,,false,16,218,1053,2207,560,54,1960/4/1,The Woman Chaser,book,169,223,138,26,4,3.94,192,Paperback,,461,43,['Charles Willeford'],392,10,3
222,1400032512,,The Shark-Infested Custard,9781400032518,,,,ES,2005/12/6,Vintage Crime/Black Lizard,,false,9,222,1046,2060,541,65,1993/6/1,The Shark-Infested Custard,book,142,206,148,37,8,3.81,272,Paperback,,475,57,['Charles Willeford'],381,7,12
226,0896724409,,Comedy after Postmodernism: Rereading Comedy from Edward Lear to Charles Willeford,9780896724402,,,,ES,2001/1/15,Texas Tech University Press,,false,2,226,18,29,7,0,2001/1/1,Comedy After Postmodernism: Rereading Comedy from Edward Lear to Charles Willeford,,5,0,1,0,1,4.14,184,Hardcover,,7,0,['Kirby Olson'],9,0,
234,0142002275,,The Complete Verse and Other Nonsense,9780142002278,,,,ES,2002/10/29,Penguin Books,,false,7,234,1992,3966,949,33,1894/1/1,The Complete Nonsense Book,book,436,310,159,25,19,4.18,624,Paperback,,890,27,"['Edward Lear', 'Vivien Noakes']",911,14,9
256,0029119405,,Behavior in Public Places,9780029119402,,,,ES,1966/9/1,Free Press,,false,16,256,978,884,215,6,1963/5/1,Behavior in Public Places,book,72,103,35,2,3,4.11,248,Paperback,,197,5,['Erving Goffman'],643,8,27
258,0571211194,,"Public Places: My Life in the Theater, with Peter O'Toole and Beyond",9780571211197,,,,ES,2004/5/3,Faber & Faber,,false,6,258,79,177,45,6,2001/8/1,"Public Places: My Life in the Theater, with Peter O'Toole and Beyond",,13,19,10,3,0,3.93,441,Paperback,,34,6,['Sian Phillips'],22,1,
260,0826330045,,Squares: A Public Place Design Guide for Urbanists,9780826330048,,,,ES,2006/9/1,University of New Mexico Press,,false,2,1818555,31,34,9,0,2004/11/15,Squares: A Public Place Design Guide for Urbanists,,2,3,4,0,0,3.78,208,Paperback,,4,0,['Mark C. Childs'],17,0,1
262,1580086802,,Pike Place Public Market Seafood Cookbook,9781580086806,,,,ES,2005/6/1,Ten Speed Press,,false,5,262,52,92,24,2,1997/3/1,Pike Place Public Market Seafood Cookbook,,6,8,10,0,0,3.83,129,Hardcover,,22,2,['Braiden Rex-Johnson'],12,0,2
288,156656249X,,Kahlil Gibran: His Life and World,9781566562492,,,,ES,1998/4/1,Interlink Publishing Group,,false,7,288,114,168,40,4,1974/12/31,Kahlil Gibran: His Life and World (Literature),book,18,14,7,0,1,4.20,464,Paperback,,33,2,"['Jean Gibran', 'Kahlil Gibran']",59,1,3
296,1402714572,,Treasure Island,9781402714573,,,,ES,2004/10/1,Sterling,en-US,false,1271,295,550514,1344190,351179,9458,1882/1/28,Treasure Island,book,97368,129866,96252,21437,6256,3.83,213,Hardcover,,392,40,"['Robert Louis Stevenson', 'Scott McKowen']",130744,717,19179
298,0689854684,,Treasure Island,9780689854682,,,,ES,2003/7/1,Atheneum Books for Young Readers,eng,false,1271,295,550514,1344190,351179,9458,1882/1/28,Treasure Island,book,97368,129866,96252,21437,6256,3.83,64,Hardcover,Abridged,103,16,"['Robert Louis Stevenson', 'N.C. Wyeth', 'Timothy Meis']",130744,717,19179
300,1596009330,,Treasure Island,9781596009332,,,,ES,2005/5/25,Brilliance Audio,eng,false,1271,295,550514,1344190,351179,9458,1882/1/28,Treasure Island,book,97368,129866,96252,21437,6256,3.83,,Audio CD,The Classic Collection. Unabridged,20,2,"['Robert Louis Stevenson', 'Michael Page']",130744,717,19179
306,0521460646,,Daniel Deronda Notebooks,9780521460644,,,,ES,1996/12/28,Cambridge University Press,,false,4,306,24,17,4,0,1996/11/21,Daniel Deronda Notebooks,book,3,0,0,1,0,4.25,524,Hardcover,,2,0,"['George Eliot', 'Jane Irwin']",16,0,
312,0789489104,,Flight: 100 Years of Aviation,9780789489104,,,,ES,2002/9/16,DK Publishing (Dorling Kindersley),,false,9,400510,701,752,175,12,2002/10/3,Flight,,83,68,19,3,2,4.30,440,Hardcover,,35,2,"['R.G. Grant', 'John R. Dailey']",418,7,23
314,0590960016,,If You Lived 100 Years Ago,9780590960014,,,,ES,1999/9/1,Scholastic Paperbacks,,false,3,314,370,474,121,20,1999/9/1,If You Lived 100 Years Ago (If You.),,39,43,30,8,1,3.92,80,Paperback,,121,20,"['Ann McGovern', 'Anna DiVito']",140,12,6
318,1886296316,,The Next 100 Years: Predictions to the Nations and the Church of the 21st Century,9781886296312,,,,ES,2004/1/1,Arrow Publications,,false,1,318,30,40,10,2,2003/11/21,The Next 100 Years,,3,4,3,0,0,4.00,133,Paperback,,10,2,['Dennis Cramer'],12,0,
320,0060531045,,One Hundred Years of Solitude,9780060531041,,,,ES,2003/6/24,Harper,eng,false,649,320,1267396,2638007,650037,25461,1967/6/5,Cien años de soledad,book,306399,175344,97501,41340,29453,4.06,417,Hardcover,,541731,15499,"['Gabriel García Márquez', 'Gregory Rabassa']",521918,1820,27295
324,0785950109,,Cien años de soledad,9780785950103,,,,ES,1990/1/1,French & European,spa,false,649,320,1267396,2638017,650039,25461,1967/6/5,Cien años de soledad,book,306401,175344,97501,41340,29453,4.06,448,Hardcover,,48,4,['Gabriel García Márquez'],521918,1820,27295
326,006502396X,,One Hundred Years of Solitude,9780065023961,,,,ES,1998/3/21,Addison Wesley Publishing Company,eng,false,649,320,1267396,2638017,650039,25461,1967/6/5,Cien años de soledad,book,306401,175344,97501,41340,29453,4.06,,Hardcover,,92,9,['Gabriel García Márquez'],521918,1820,27295
328,1901983854,,Chess for Zebras,9781901983852,,,,ES,2003/12/1,Gambit Publications,,false,4,328,198,293,67,6,2003/12/1,Chess for Zebras: Thinking Differently about Black and White,,37,22,6,0,2,4.37,255,Paperback,,60,6,['Jonathan Rowson'],104,1,18
330,0394800842,,On Beyond Zebra!,9780394800844,,,,ES,1955/9/12,Random House Books for Young Readers,eng,false,10,330,4450,11361,2812,155,1955/9/12,On Beyond Zebra,book,1158,831,634,156,33,4.04,64,Hardcover,,2698,148,['Dr. Seuss'],882,26,22
334,1402734948,,"""A"" Is for Zebra",9781402734946,,,,ES,2006/4/28,Sterling,,false,3,334,96,210,56,25,2006/4/28,"""A"" Is for Zebra",book,14,19,19,3,1,3.75,32,Hardcover,,49,21,"['Mark Shulman', 'Tarnara Petrosino', 'Tamara Petrosino']",17,7,
344,158685738X,,Scents & Sensibilities: Creating Solid Perfumes for Well-Being,9781586857387,,,,ES,2005/6/7,Gibbs Smith,,false,3,344,173,261,68,1,2005/5/16,Scents & Sensibilities: Creating Solid Perfumes for Well-Being,,19,25,19,4,1,3.84,96,Hardcover,,59,1,['Mandy Aftel'],80,1,5
348,0345413997,,The Door Into Summer,9780345413994,,,,ES,1997/6/17,Del Rey,eng,false,83,348,29846,80179,20007,986,1957/6/1,The Door into Summer,book,6772,7729,4540,817,149,4.01,304,Paperback,,16610,602,['Robert A. Heinlein'],6726,64,205
354,0441748600,,To Sail Beyond the Sunset,9780441748600,,,,ES,1988/6/1,Ace Books,en-US,false,25,354,14502,40053,10343,204,1987/7/7,To Sail Beyond the Sunset,book,3381,3473,2529,709,251,3.87,434,Mass Market Paperback,,10106,186,['Robert A. Heinlein'],2330,35,56
356,0765314932,,"Time for the Stars (Heinlein's Juveniles, #10)",9780765314932,,,,ES,2006/8/8,Tor Books,eng,false,47,356,11095,30400,7668,297,1956/8/1,Time for the Stars,book,2335,3029,2027,251,26,3.96,256,Hardcover,,6678,185,['Robert A. Heinlein'],2034,15,100
358,0671625829,,"Dirk Gently's Holistic Detective Agency (Dirk Gently, #1)",9780671625825,,,,ES,1987/5/15,Simon & Schuster,eng,false,101,365,174505,424480,106771,2999,1987/5/15,Dirk Gently's Holistic Detective Agency,book,35576,40399,24509,5190,1097,3.98,,Hardcover,First Edition,1056,87,['Douglas Adams'],53396,346,1950
362,0345476514,,Wish You Were Here: The Official Biography of Douglas Adams,9780345476517,,,,ES,2005/12/27,Del Rey,eng,false,12,362,7373,10985,2656,63,2003/10/6,Wish You Were Here: The Official Biography of Douglas Adams,book,1149,885,493,92,37,4.14,368,Paperback,,2520,46,['Nick  Webb'],4430,29,73
372,159777006X,,The Salmon of Doubt: Hitchhiking the Galaxy One Last Time,9781597770064,,,,ES,2006/1/1,Phoenix Audio,,false,61,359,45953,95355,24310,900,2002/5/28,The Salmon of Doubt: Hitchhiking the Galaxy One Last Time,book,7438,9195,6235,1238,204,3.92,7,Audio CD,,28,4,"['Douglas Adams', 'Christopher Cerf', 'Simon  Jones']",16073,59,608
374,1891867717,,Salmon Doubts,9781891867712,,,,ES,2004/7/20,Alternative Comics,,false,2,374,210,463,143,29,2004/5/1,Salmon Doubts,,21,30,59,28,5,3.24,128,Paperback,,141,27,['Adam Sacks'],37,10,
380,0793565561,,A Colorful Symphony: Full Score,9780793565566,,,,ES,1997/5/1,"G. Schirmer, Inc.",,false,1,380,6,5,1,1,1997/5/1,A Colorful Symphony: (Based on The Phantom Tollbooth),,1,0,0,0,0,5.00,68,Paperback,,1,1,['Robert Xavier Rodríguez'],4,0,
382,0573650969,,The Phantom Tollbooth: A Children's Play in Two Acts,9780573650963,,,,ES,2011/1/12,"Samuel French, Inc.",eng,false,3,382,223,385,94,13,1977/1/1,The Phantom Tollbooth: A Children's Play in Two Acts,book,42,30,13,7,2,4.10,72,Paperback,,94,13,"['Susan Nanus', 'Norton Juster']",83,4,3
392,1424124255,,"Bullets, Badges, and Bullshit",9781424124251,,,,ES,2006/3/6,PublishAmerica,,false,1,392,4,10,2,0,2006/3/6,"Bullets, Badges, and Bullshit",,2,0,0,0,0,5.00,444,Paperback,,2,0,"[""Phil T. O'Brien""]",3,0,
408,0679722955,,The Names,9780679722953,,,,ES,1989/7/17,Vintage,eng,false,43,408,7679,12395,3405,260,1982/9/12,The Names,book,763,1196,1009,332,105,3.64,339,Paperback,,2969,201,['Don DeLillo'],3361,113,165
410,0060930217,,V.,9780060930219,,,,ES,2005/7/5,Harper Perennial Modern Classics,eng,false,61,5809,48860,69454,17522,935,1963/8/1,V.,book,6161,6522,3371,980,488,3.96,547,Paperback,,1358,176,['Thomas Pynchon'],27406,174,969
412,0140283382,,Gravity's Rainbow,9780140283389,,,,ES,2000/1/1,Penguin Books,eng,false,78,415,127640,127005,31547,2798,1973/2/28,Gravity's Rainbow,book,14681,8448,4607,2176,1635,4.03,784,Paperback,,753,210,['Thomas Pynchon'],85469,324,5001
420,140004314X,,The Year of Magical Thinking,9781400043149,,,,ES,2005/10/4,Knopf Publishing Group,en-US,false,74,7815,239068,459571,118398,9000,2005/9/1,The Year of Magical Thinking,book,38308,42290,26254,8563,2983,3.88,227,Hardcover,,2484,325,['Joan Didion'],102959,611,3514
426,0307264874,,We Tell Ourselves Stories in Order to Live: Collected Nonfiction,9780307264879,,,,ES,2006/10/17,Everyman's Library,eng,false,5,426,8687,6668,1483,104,2006/10/17,We Tell Ourselves Stories in Order to Live: Collected Nonfiction ,book,898,453,107,20,5,4.50,1122,Hardcover,,1475,104,"['Joan Didion', 'John Leonard']",6579,20,259
438,0595002234,,"New York Trilogy: New York Underground, Trapped, Love and Sex",9780595002238,,,,ES,2000/4/20,iUniverse,,false,1,438,6,10,2,0,2000/3/6,"New York Trilogy: New York Underground, Trapped, Love and Sex",,2,0,0,0,0,5.00,156,Paperback,,2,0,['Paul Hallasy'],5,0,
444,0963188925,,Pyramids of Montauk: Explorations in Consciousness,9780963188922,,,,ES,1995/1/1,Sky Books (NY),eng,false,3,444,228,293,75,2,1995/1/1,Pyramids of Montauk: Explorations in Consciousness ,book,26,26,16,4,3,3.91,256,Paperback,,68,2,"['Peter Moon', 'Preston B. Nichols', 'Nina Helms']",128,2,6
446,0312426232,,The Brooklyn Follies,9780312426231,,,,ES,2006/10/17,Picador,eng,false,81,446,32317,79435,20738,1513,2005/12/27,The Brooklyn Follies,book,4842,9205,5284,1146,261,3.83,306,Paperback,,17173,1128,['Paul Auster'],7609,53,352
460,080505667X,,Paul Auster's New York - Promo: Mak.of Amer,9780805056679,,,,ES,1997/9/14,Henry Holt & Company,,false,3,460,127,253,65,4,1997/12/31,Paul Auster's New York,book,21,20,20,4,0,3.89,97,Hardcover,,49,2,"['Paul Auster', 'Frieder Blickle']",47,2,
462,0879513411,,Disappearances,9780879513412,,,,ES,1989/5/2,Harry N. Abrams,,false,4,462,184,207,63,1,1988/9/26,Disappearances,book,8,18,24,10,3,3.29,96,Paperback,,60,1,['Paul Auster'],89,0,1
470,0140267506,,"The Art of Hunger: Essays, Prefaces, Interviews, The Red Notebook",9780140267501,,,,ES,1997/9/1,Penguin Books,,false,12,470,1084,1813,470,14,1992/1/1,"The Art of Hunger: Essays, Prefaces, Interviews, The Red Notebook",book,115,200,130,23,2,3.86,368,Paperback,,407,11,['Paul Auster'],430,16,19
476,0446579785,,The Coming Economic Collapse: How You Can Thrive When Oil Costs $200 a Barrel,9780446579780,,,,ES,2006/2/1,Business Plus,en-US,false,21,476,441,845,250,31,2006/2/1,The Coming Economic Collapse: How You Can Thrive When Oil Costs $200 a Barrel,book,38,70,102,29,11,3.38,211,Hardcover,,208,27,"['Stephen Leeb', 'Glen C. Strathy']",138,7,5
488,048622029X,,Indian Sign Language,9780486220291,,,,ES,1969/6/1,Dover Publications,,false,6,488,131,146,38,3,1969/3/28,Indian Sign Language,,11,15,7,5,0,3.84,128,Paperback,,33,2,"['William Tomkins', 'A.J. Stover']",63,2,3
492,0932813194,,The Fantastic Inventions of Nikola Tesla,9780932813190,,,,ES,2014/6/12,Adventures Unlimited Press,,false,7,492,1056,930,230,23,1993/6/30,The Fantastic Inventions of Nikola Tesla (The Lost Science Series),book,101,69,37,15,8,4.04,351,Paperback,,218,21,"['Nikola Tesla', 'David Hatcher Childress']",730,8,22
494,0806519606,,Wizard: The Life and Times of Nikola Tesla: Biography of a Genius,9780806519609,,,,ES,2001/2/1,Citadel,eng,false,17,494,9438,11179,2968,378,1996/1/1,Wizard: The Life and Times of Nikola Tesla: Biography of a Genius,book,711,1164,830,215,48,3.77,542,Paperback,Citadel Press,2558,310,"['Marc J.  Seifer', 'William H. Terbo']",5193,29,709
496,1892062135,,The Lost Journals of Nikola Tesla: HAARP - Chemtrails and the Secret of Alternative 4,9781892062130,,,,ES,2011/12/2,Inner Light - Global Communications,,false,3,496,174,172,44,4,2000/6/1,The Lost Journals of Nikola Tesla : Haarp - Chemtrails and Secret of Alternative 4,,18,13,7,3,3,3.91,155,Paperback,,31,3,['Tim R. Swartz'],108,1,9
498,0932813860,,Tesla Papers,9780932813862,,,,ES,2000/12/1,Adventures Unlimited Press,eng,false,2,498,646,440,107,2,2000/9/1,The Tesla Papers: Nikola Tesla on Free Energy & Wireless Transmission of Power,book,47,34,19,5,2,4.11,100,Paperback,,99,2,"['Nikola Tesla', 'David Hatcher Childress']",461,5,12
502,0847827356,,Art Invention House,9780847827350,,,,ES,2005/11/8,Rizzoli International Publications,,false,1,502,17,33,9,0,2005/11/8,Art Invention House,,3,3,1,1,1,3.67,,Hardcover,,9,0,['Michael Webb'],7,0,
504,0300088663,,The Invention of Peace: Reflections on War and International Order,9780300088663,,,,ES,2001/2/8,Yale University Press,,false,6,504,240,302,82,5,2000/1/1,The Invention of Peace: Reflections on War and International Order,book,21,29,21,7,4,3.68,128,Hardcover,,77,5,['Michael Eliot Howard'],115,3,2
516,0201710897,,Programming Ruby: The Pragmatic Programmer's Guide,9780201710892,,,,ES,2000/10/17,Addison-Wesley Professional,,false,9,515,3700,7527,1860,72,2000/12/15,Programming Ruby: The Pragmatic Programmers' Guide,book,631,786,362,61,20,4.05,564,Paperback,,25,0,"['Dave Thomas', 'Andrew Hunt']",1114,9,137
518,0976694093,,From Java to Ruby,9780976694090,,,,ES,2006/6/28,Pragmatic Bookshelf,,false,1,518,61,91,29,3,2006/6/21,From Java to Ruby: Things Every Manager Should Know (Pragmatic Programmers),,2,6,15,6,0,3.14,160,Paperback,,29,3,['Bruce A. Tate'],13,2,
520,0976694042,,Learn to Program,9780976694045,,,,ES,2006/1/23,Pragmatic Bookshelf,,false,7,520,1195,2042,495,54,2006/1/20,Learn to Program (Pragmatic Programmers),book,188,206,81,15,5,4.13,149,Paperback,,376,48,['Chris  Pine'],438,8,87
522,080203618X,,English-Cayuga/Cayuga-English Dictionary,9780802036186,,,,ES,2002/12/28,University of Toronto Press,,false,3,522,4,0,0,1,2002/12/28,English-Cayuga/Cayuga-English Dictionary,,0,0,0,0,0,0.00,750,Hardcover,,0,1,"['Frances Froman', 'Lottie Keye', 'Alfred J. Keye']",3,0,
524,0307281701,,Lord of the Flies,9780307281708,,,,ES,2005/10/11,Listening Library (Audio),eng,false,528,7624,56969,6981309,1905688,31744,1954/9/17,Lord of the Flies,book,501588,645320,477554,178201,103025,3.66,6,Audio CD,,359,83,['William Golding'],526085,4996,17079
526,0399506438,,Lord of the Flies,9780399506437,,,,ES,1987/9/1,Penguin Books,en-US,false,528,7624,56969,6981309,1905688,31744,1954/9/17,Lord of the Flies,book,501588,645320,477554,178201,103025,3.66,291,Paperback,(Casebook Edition Text Notes and Criticism),669,57,"['William Golding', 'James Robert Baker', 'Arthur P. Ziegler']",526085,4996,17079
530,0141800968,,Lord of the Flies,9780141800967,,,,ES,1999/9/2,Penguin,eng,false,528,7624,56969,6981309,1905688,31744,1954/9/17,Lord of the Flies,book,501588,645320,477554,178201,103025,3.66,,Audio CD,3 CDs. Abridged. ,141,18,"['William Golding', 'Tim Pigott-Smith']",526085,4996,17079
536,,,The Lovely Bones,,,,,ES,2006/9/1,Random House,eng,false,199,12232938,2430979,6896895,1818705,38677,2002/7/3,The Lovely Bones,book,536948,639605,435990,139603,66559,3.79,327,Paperback,,17897,354,['Alice Sebold'],490132,769,9631
538,159413023X,,The Lovely Bones,9781594130236,,,,ES,2004/4/1,Large Print Press,en-US,false,199,12232938,2430979,6896895,1818705,38677,2002/7/3,The Lovely Bones,book,536948,639605,435990,139603,66559,3.79,532,Paperback,Large Print,364,75,['Alice Sebold'],490132,769,9631
548,0471034452,,Storage Area Network Essentials: A Complete Guide to Understanding and Implementing Sans,9780471034452,,,,ES,2001/11/6,Wiley,,false,8,548,79,56,14,2,2001/10/15,Storage Area Networking Essentials: A Complete Guide to Understanding & Implementing SANs,,3,8,3,0,0,4.00,384,Paperback,,6,2,"['Richard    Barker', 'Paul Massiglia']",45,0,4
556,1841156574,,The Chap Manifesto: Revolutionary Etiquette for the Modern Gentleman,9781841156576,,,,ES,2001/10/1,HarperCollins UK,,false,3,556,165,330,85,5,2001/1/1,The Chap Manifesto: Revolutionary Etiquette for the Modern Gentleman,,29,26,22,7,1,3.88,144,Hardcover,,78,3,"['Gustav Temple', 'Vic Darkwood']",50,0,1
560,078618339X,,The Compleat Gentleman: The Modern Man's Guide to Chivalry,9780786183395,,,,ES,2004/11/1,Blackstone Audiobooks,,false,10,557,520,634,180,20,2004/4/26,The Compleat Gentleman: The Modern Man's Guide to Chivalry,,42,52,54,22,10,3.52,,Audio CD,,4,1,"['Brad Miner', 'Christopher Lane']",263,9,11
564,059610197X,,Head First HTML with CSS & XHTML,9780596101978,,,,ES,2005/12/1,O'Reilly Media,,false,16,564,2347,5232,1263,138,2005/1/1,Head First HTML with CSS & XHTML (Head First),book,542,452,196,53,20,4.14,702,Paperback,,1229,134,"['Elisabeth Robson', 'Eric Freeman', 'Kathy Sierra', 'Rich Gibson']",694,8,89
566,0321305256,,Stylin' with CSS: A Designer's Guide,9780321305251,,,,ES,2005/5/6,New Riders Publishing,,false,9,566,328,645,172,18,2005/5/6,Stylin' with CSS: A Designer's Guide,book,40,70,43,17,2,3.75,288,Paperback,,111,9,['Charles Wyke-Smith'],64,6,3
568,0957921888,,The CSS Anthology,9780957921887,,,,ES,2004/11/8,SitePoint,,false,6,577703,461,871,225,19,2004/9/4,"The CSS Anthology: 101 Essential Tips, Tricks & Hacks",book,59,93,60,11,2,3.87,376,Paperback,,39,4,"['Rachel Andrew', 'Simon Willison']",121,4,6
572,0761136916,,"1,000 Places to See in the U.S.A.  Canada Before You Die",9780761136910,,,,ES,2007/6/7,Workman Publishing Company,,false,4,881481,5905,9480,2342,95,2007/5/14,1000 Places to See in the U.S.A. & Canada Before You Die,book,916,792,497,104,33,4.05,1183,Paperback,,324,17,['Patricia Schultz'],3213,17,94
586,081184529X,,Art of Modern Rock: The Poster Explosion,9780811845298,,,,ES,2004/11/4,Chronicle Books,,false,1,586,2087,5259,1277,25,2004/11/4,Art of Modern Rock: The Poster Explosion,,652,297,209,65,54,4.12,492,Hardcover,,1277,25,"['Paul Grushkin', 'Dennis King', 'Wayne Coyne', 'King Grushkin']",828,2,8
588,1565794818,,Roadside Guide to Indian Ruins & Rock Art of the Southwest,9781565794818,,,,ES,2005/1/1,Westcliffe Publishers,,false,1,588,23,33,8,0,2005/1/1,Roadside Guide To Indian Ruins & Rock Art Of The Southwest,,2,5,1,0,0,4.12,240,Paperback,,8,0,"['Gordon Sullivan', 'Cathie Sullivan']",10,0,1
594,0810943638,,African Rock Art: Paintings and Engravings on Stone,9780810943636,,,,ES,2001/6/4,ABRAMS,,false,1,594,16,15,3,0,2001/5/1,African Rock Art: Paintings and Engravings on Stone,,3,0,0,0,0,5.00,256,Hardcover,,3,0,['David Coulson'],12,0,
612,0939883112,,"An ABC of Vice: An Insatiable Women's Guide, Alphabetized",9780939883110,,,,ES,2003/9/1,,,false,1,612,16,41,9,2,2003/9/1,"An ABC of Vice: An Insatiable Women's Guide, Alphabetized",,5,4,0,0,0,4.56,,Paperback,,9,2,"['Nicole Hollander', 'Regina Barreca']",5,0,
618,0446692824,,Vice DOs & DON'Ts: 10 Years of Vice Magazine's Street Fashion Critiques,9780446692823,,,,ES,2004/9/1,Warner Books (NY),,false,1,618,943,2577,618,67,2004/9/1,Vice Dos and Don'ts: 10 Years of VICE Magazine's Street Fashion Critiques,,303,178,92,29,16,4.17,261,Paperback,,618,67,"['Suroosh Alvi', 'Shane Smith', 'Gavin McInnes']",247,11,3
634,0789416158,,Motorcycle Owner's Manual,0790778161507,,,,ES,1997/5/26,DK,,false,2,634,89,180,48,2,1997/5/26,Motorcycle Owner's Manual,,10,20,14,4,0,3.75,112,Paperback,,47,2,['Hugo  Wilson'],22,0,4
636,0760320780,,How to Paint Your Motorcycle,9780760320785,,,,ES,2005/11/10,Motorbooks,,false,1,636,9,16,4,0,2005/11/10,How to Paint Your Motorcycle (Motorbooks Workshop),,2,0,2,0,0,4.00,128,Paperback,,4,0,['JoAnn Bortles'],3,0,
644,0760321140,,"How to Ride a Motorcycle: A Rider's Guide to Strategy, Safety, and Skill Development",9780760321140,,,,ES,2005/10/29,Motorbooks International,,false,1,644,32,44,12,1,2005/10/29,"How To Ride A Motorcycle: A Rider's Guide to Strategy, Safety and Skill Development",,4,3,3,1,1,3.67,143,Paperback,,12,1,"['Pat Hahn', 'Evans Brasfield', 'Darwin Holmstrom']",14,0,3
650,1592530877,,"LOGO Lounge: 2,000 International Identities by Leading Designers",9781592530878,,,,ES,2004/9/1,Rockport Publishers,eng,false,6,972056,211,475,120,3,2002/12/1,Logo Lounge: 2000 International Identities by Leading Designers (Logolounge),book,41,42,31,3,3,3.96,191,Paperback,,27,0,"['Catharine M. Fishel', 'Bill Gardner']",42,2,1
652,3931126927,,Los Logos: A Selected LOGO Collection,9783931126926,,,,ES,2002/10/1,Gestalten,,false,3,652,169,387,98,2,2002/10/1,Los Logos,book,33,35,22,8,0,3.95,444,Hardcover,,98,2,"['Nicholas Bourquin', 'Robert Klanten', 'Michael Mischler']",36,1,1
670,0452274044,,Letters of Ayn Rand,9780452274044,,,,ES,1997/2/1,NAL,eng,false,7,731031,1254,1770,446,15,1995/6/1,Letters of Ayn Rand,book,177,134,94,26,15,3.97,681,Paperback,,18,2,"['Ayn Rand', 'Michael S. Berliner', 'Leonard Peikoff']",706,12,12
672,0471791431,,Sailing for Dummies,9780471791430,,,,ES,2006/6/1,For Dummies,eng,false,20,672,705,990,251,9,1997/1/1,Sailing For Dummies (For Dummies (Sports & Hobbies)),book,78,101,57,10,5,3.94,416,Paperback,,133,6,"['J.J. Isler', 'Peter Isler']",237,7,129
678,1592283195,,The Greatest Sailing Stories Ever Told: Twenty-Seven Unforgettable Stories,9781592283194,,,,ES,2004/4/1,Lyons Press,eng,false,2,678,136,189,52,6,2002/8/1,The Greatest Sailing Stories Ever Told: Twenty-Seven Unforgettable Stories (Greatest),book,10,16,23,3,0,3.63,286,Paperback,,47,5,['Christopher Caswell'],56,1,6
680,0679740635,,The Handbook Of Sailing,9780679740636,,,,ES,1992/8/11,Knopf,,false,6,680,219,300,75,13,1980/7/12,The Handbook Of Sailing,book,23,35,11,6,0,4.00,352,Paperback,,64,8,['Bob Bond'],85,4,10
682,0975599542,,More Natural Cures Revealed,9780975599549,,,,ES,2006/5/9,Vanguard Press,,false,8,682,817,1271,375,50,2006/3/1,More Natural Cures Revealed: Previously Censored Brand Name Products That Cure Disease,book,105,71,106,51,42,3.39,358,Hardcover,,350,49,['Kevin Trudeau'],156,7,20
684,013141450X,,Biology: A Guide to the Natural World,9780131414501,,,,ES,2005/1/1,Pearson Education,,false,49,4046042,117,183,59,3,1999/9/1,Biology: A Guide to the Natural World,book,6,20,17,6,10,3.10,,Hardcover,,0,0,['David Krogh'],24,0,2
690,0811811999,,The End of Print,9780811811996,,,,ES,1995/11/1,Chronicle Books (CA),,false,7,417804,1251,2852,705,15,1995/11/1,The End of Print,book,284,225,149,38,9,4.05,160,Paperback,,35,5,['David Carson'],440,2,4
692,078930127X,,David Carson 2ndsight,9780789301277,,,,ES,1997/11/15,Universe,,false,5,36385,135,280,69,2,1997/11/15,David Carson: 2nd Sight: Grafik Design After the End of Print,book,19,37,11,2,0,4.06,176,Paperback,,2,0,['Lewis Blackwell'],34,0,3
698,0307263940,,Digging to America,9780307263940,,,,ES,2006/5/2,Alfred A. Knopf,eng,false,58,698,26887,66148,18665,2127,2006/5/2,Digging to America,book,2616,7203,6865,1680,301,3.54,277,Hardcover,,16599,1799,['Anne Tyler'],4840,108,220
702,019517013X,,Modern Latin America,9780195170139,,,,ES,2004/10/7,"Oxford University Press, USA",en-US,false,14,702,915,1219,339,23,1984/1/26,Modern Latin America,book,57,133,109,35,5,3.60,528,Paperback,Sixth Edition,220,10,"['Thomas E. Skidmore', 'Peter H. Smith']",406,12,22
704,0883782774,,Covenant with Black America,9780883782774,,,,ES,2006/2/22,Third World Press,,false,5,704,909,1190,317,23,2006/1/1,The Covenant with Black America,,81,113,97,16,10,3.75,254,Paperback,,309,23,['Tavis Smiley'],465,8,17
710,0300106769,,"Swiss Graphic Design: The Origins and Growth of an International Style, 1920-1965",9780300106763,,,,ES,2006/4/28,Yale University Press,,false,4,710,262,367,84,5,2006/3/3,"Swiss Graphic Design: The Origins and Growth of an International Style, 1920-1965",,41,33,10,0,0,4.37,272,Hardcover,,80,5,['Richard Hollis'],144,2,9
716,3931126366,,Swiss Graphic Design,9783931126360,,,,ES,2000/9/1,Gestalten Verlag,,false,1,716,63,75,20,0,2000/10/30,Swiss Graphic Design,,3,10,6,1,0,3.75,224,Hardcover,,20,0,"['Hendrik Hellige', 'Michael Mischler']",38,0,
720,0882845292,,Guitar Chord Encyclopedia: 36 Chords in Each Key,9780882845296,,,,ES,1993/1/1,Alfred Music,,false,2,720,40,56,15,0,1993/1/1,Guitar Chord Encyclopedia,book,6,2,5,1,1,3.73,312,Paperback,,10,0,['Steve Hall'],12,0,1
724,0785820833,,Guitar Chord Bible,9780785820833,,,,ES,2009/8/26,Chartwell Books,,false,4,724,276,348,83,3,2006/3/31,"The Guitar Player's Chord Bible: Over 500 Illustrated Chords for Rock, Blues, Soul, Country, Jazz, and Classical",book,45,16,17,3,2,4.19,256,Spiral-bound,,76,3,['Phil Capone'],121,0,20
726,0634096486,,Red Hot Chili Peppers,9780634096488,,,,ES,2005/7/1,Hal Leonard Publishing Corporation,,false,4,726,10,20,5,0,1998/5/1,Red Hot Chili Peppers (Guitar Chord Songbook),,3,1,0,0,1,4.00,141,Paperback,,4,0,['Hal Leonard Publishing Company'],4,0,
728,0871660903,,Mel Bays Guitar Chords,9780871660909,,,,ES,1993/1/1,,,false,1,728,70,80,18,2,1959/1/1,Mel Bays Guitar Chords,,12,2,4,0,0,4.44,48,Paperback,,18,2,['Mel Bay'],22,0,1
740,0634053396,,The Beatles Guitar Chord Songbook: A-I (Guitar Chord Songbooks),0073999995589,,,,ES,2003/1/1,Hal Leonard,,false,3,740,21,34,8,0,2003/1/1,The Beatles Guitar Chord Songbook: A-I (Guitar Chord Songbook),,5,1,1,1,0,4.25,232,Paperback,,7,0,['The Beatles'],10,0,3
744,0825612438,,The Advanced Guitar Case Chord Book: Compact Reference Library,0752187802273,,,,ES,1992/10/1,Music Sales,,false,1,744,6,10,3,0,1992/10/1,The Advanced Guitar Case Chord Book (Compact Reference Library),,0,1,2,0,0,3.33,68,Paperback,,3,0,['Askold Buk'],3,0,
750,0634060651,,Guitar Chord Songbook: Classic Rock,9780634060656,,,,ES,2005/8/1,Hal Leonard Publishing Corporation,,false,1,750,10,16,4,0,1996/6/1,Classic Rock,book,1,2,1,0,0,4.00,237,Paperback,,4,0,['Hal Leonard Publishing Company'],3,0,
752,0825617545,,The Guitar Chord Deck,9780825617546,,,,ES,1999/12/1,Music Sales,,false,1,752,9,10,2,0,1999/12/1,The Guitar Chord Deck (Guitar Decks),,2,0,0,0,0,5.00,45,Paperback,,2,0,['Ed Lozano'],4,0,1
754,0825618932,,Guitar Picture Chords in Color,9780825618932,,,,ES,2001/8/1,Music Sales,,false,1,754,5,15,3,0,2001/8/1,Guitar Picture Chords in Color (Guitar Chord Books in Color),,3,0,0,0,0,5.00,56,Paperback,,3,0,"['Ed Lozano', 'Various']",3,0,
766,1400095808,,Memoria de mis putas tristes,9781400095803,,,,ES,2004/10/19,Vintage Espanol,spa,false,161,760,96463,211878,58976,3568,2004/10/19,Memoria de mis putas tristes,book,11340,21054,19364,5652,1566,3.59,112,Paperback,USA / Canada,4913,304,['Gabriel García Márquez'],23350,70,983
772,1591021383,,Science and Sensibility: The Elegant Logic of the Universe,9781591021384,,,,ES,2004/7/30,Prometheus Books,,false,2,772,44,52,14,1,2003/11/1,Science and Sensibility: The Elegant Logic of the Universe,,4,4,4,2,0,3.71,233,Hardcover,,14,1,['Keith J. Laidler'],30,0,
774,0834804824,,Buddhism Pure and Simple,9780834804821,,,,ES,2001/5/1,Weatherhill,,false,1,774,50,108,25,1,2001/5/1,Buddhism Pure and Simple,book,11,11,3,0,0,4.32,140,Paperback,,25,1,"['Hsing Yun', 'Tom   Graham']",16,0,3
776,0767903323,,Buddhism Plain and Simple,9780767903325,,,,ES,1998/12/29,Harmony,,false,18,776,13153,24627,6004,407,1997/10/1,Buddhism Plain and Simple,book,2381,2185,1150,244,44,4.10,176,Paperback,,4869,343,['Steve Hagen'],5398,40,744
778,0340815051,,Buddhism: A New Approach,9780340815052,,,,ES,2005/3/30,,,false,1,778,5,2,1,0,2005/3/30,Buddhism (New Approach S.),book,0,0,0,1,0,2.00,,Paperback,,1,0,['Steve    Clarke'],4,0,
780,0714843466,,The Path to Buddha: A Tibetan Pilgrimage,9780714843469,,,,ES,2003/11/18,Phaidon Press,,false,3,780,86,147,35,2,2003/11/18,The Path to Buddha: A Tibetan Pilgrimage,,13,16,6,0,0,4.20,144,Hardcover,,31,2,['Steve McCurry'],36,0,2
782,0877288526,,"Meditation, Compassion & Lovingkindness: An Approach to Vipassana Practice",9780877288527,,,,ES,1996/1/1,Weiser Books,,false,1,782,27,10,3,1,1996/5/1,"Meditation, Compassion & Loving Kindness: An Approach to Vipassana Practice",,0,1,2,0,0,3.33,211,Paperback,,3,1,['Steve Weissman'],22,1,
786,1843530937,,The Rough Guide to London,9781843530930,,,,ES,2003/11/3,Rough Guides,,false,22,2680369,219,349,87,14,1995/1/1,The Rough Guide to London (Rough Guide Travel Guides),book,29,35,19,3,1,4.01,633,Paperback,,11,0,"['Rob Humphreys', 'Sean Bidder', 'Judith Bamber']",42,3,4
788,184353097X,,The Rough Guide to London Restaurants 2004 6,9781843530978,,,,ES,2003/11/17,Rough Guides,,false,22,2680369,219,349,87,14,1995/1/1,The Rough Guide to London (Rough Guide Travel Guides),book,29,35,19,3,1,4.01,544,Paperback,,0,0,['Charles Campion'],42,3,4
790,1843533162,,Rough Guide Directions: London,9781843533160,,,,ES,2004/5/27,Rough Guides Limited,,false,2,790,18,15,4,3,2004/5/27,The Rough Guides' London Directions 1 (Rough Guide Directions),book,1,1,2,0,0,3.75,176,Paperback,1st Edition,4,3,['Rob Humphreys'],6,1,
806,1844090299,,Encyclopedia of Thai Massage,9781844090297,,,,ES,2004/10/1,Findhorn Press,,false,11,806,169,322,76,4,2004/10/1,Encyclopedia of Thai Massage,,36,23,16,1,0,4.24,255,Paperback,,54,3,['C. Pierce Salguero'],75,0,12
810,0892811463,,Thai Yoga Massage: A Dynamic Therapy for Physical Well-Being and Spiritual Energy,9780892811465,,,,ES,2004/3/9,Healing Arts Press,,false,5,810,98,124,32,0,2002/2/1,Thai Yoga Massage: A Dynamic Therapy for Physical Well-Being and Spiritual Energy,book,7,16,7,2,0,3.88,160,Paperback,,30,0,['Kam Thye Chow'],40,1,7
812,0935621032,,Nuad Thai: Traditional Thai Massage,9780935621037,,,,ES,2005/11/15,Healing Tao Books,,false,1,812,16,11,3,0,2005/11/15,Nuad Thai: Traditional Thai Massage,,1,0,2,0,0,3.67,112,Paperback,,3,0,['Max Chia'],8,1,
822,0060733357,,"The Confusion (The Baroque Cycle, #2)",9780060733353,,,,ES,2005/6/14,William Morrow Paperbacks,en-US,false,39,822,33906,88528,20824,658,2004/4/13,The Confusion,book,9730,7519,2801,625,149,4.25,815,Paperback,,18677,550,['Neal Stephenson'],9391,35,428
834,1880685353,,"Harrington on Hold 'em: Expert Strategy for No-Limit Tournaments, Volume II: The Endgame",9781880685358,,,,ES,2005/6/1,Two Plus Two Publishing LLC,eng,false,5,834,2044,6102,1469,31,2005/6/1,Harrington on Hold 'em: Expert Strategy for No-Limit Tournaments. Volume II: The Endgame,book,654,520,208,41,46,4.15,450,Paperback,,1400,30,"['Dan Harrington', 'Bill Robertie']",321,12,32
836,1847280420,,The Good Eye,9781847280428,,,,ES,2006/6/26,Lulu.com,,false,1,836,3,0,0,0,2006/6/26,The Good Eye,book,0,0,0,0,0,0.00,352,Paperback,,0,0,['Dan    Harrington'],2,0,1
846,1859733697,,Wild Things: The Material Culture of Everyday Life,9781859733691,,,,ES,2000/12/1,Bloomsbury Academic,,false,4,846,61,48,13,1,2000/12/1,Wild Things: The Material Culture of Everyday Life (Materializing Culture),,2,5,6,0,0,3.69,334,Paperback,,13,1,['Judith Attfield'],34,3,
848,0898709199,,No Price Too High: A Pentecostal Preacher Becomes Catholic - The Inspirational Story of Alex Jones as Told to Diane Hanson,9780898709193,,,,ES,2006/4/30,Ignatius Press,en-GB,false,3,848,175,362,85,12,2006/3/25,No Price Too High: A Pentecostal Preacher Becomes Catholic - The Inspirational Story of Alex Jones as Told to Diane Hanson,book,40,30,12,3,0,4.26,259,Paperback,,48,6,"['Alex C. Jones', 'Diane M. Hanson', 'Stephen K. Ray']",63,2,6
856,0316836311,,The Trust: The Private and Powerful Family Behind The New York Times,9780316836319,,,,ES,2000/9/20,Back Bay Books,,false,7,922617,563,590,149,18,1999/12/30,The Trust: The Private and Powerful Family behind the New York Times,book,44,64,34,5,2,3.96,928,Paperback,,26,3,"['Susan E. Tifft', 'Alex S. Jones']",333,13,13
866,142150460X,,"Fullmetal Alchemist, Vol. 9 (Fullmetal Alchemist, #9)",9781421504605,,,,ES,2006/9/19,VIZ Media LLC,eng,false,21,866,11850,39802,8709,151,2004/11/22,鋼の錬金術師 9,book,5798,2189,633,68,21,4.57,192,Paperback,,8467,136,"['Hiromu Arakawa', 'Akira Watanabe']",1396,95,31
868,1591169259,,"Fullmetal Alchemist, Vol. 3 (Fullmetal Alchemist, #3)",9781591169253,,,,ES,2005/9/13,VIZ Media LLC,eng,false,25,868,20442,73186,16049,284,2002/9/21,鋼の錬金術師 3,book,10695,3926,1215,149,64,4.56,192,Paperback,,15611,260,"['Hiromu Arakawa', 'Akira Watanabe']",2051,162,65
870,1591169208,,"Fullmetal Alchemist, Vol. 1 (Fullmetal Alchemist, #1)",9781591169208,,,,ES,2005/5/3,VIZ Media LLC,eng,false,44,870,144515,467281,104003,1393,2002/1/1,鋼の錬金術師 1,book,67888,23659,9405,1939,1112,4.49,192,Paperback,,102909,1295,"['Hiromu Arakawa', 'Akira Watanabe']",8044,304,172
876,1897082282,,Bookclub in a Box Discusses Khaled Hosseini's Novel The Kite Runner,9781897082287,,,,ES,2006/4/6,Bookclub-In-A-Box,,false,7,876,277,652,156,1,2005/9/1,Bookclub-In-A-Box Discusses the Novel the Kite Runner by Khaled Hosseini,book,80,44,18,8,6,4.18,80,Paperback,,152,1,['Marilyn Herbert'],101,1,1
880,0812974611,,Pompeii,9780812974614,,,,ES,2005/11/8,Random House Trade Paperbacks,eng,false,119,880,50960,118124,30996,2121,2003/11/21,Pompeii,book,7454,12854,8448,1854,386,3.81,304,Paperback,,25475,1614,['Robert   Harris'],14859,38,670
882,8854400300,,"Pompeii: The History, Life and Art of the Buried City",9788854400306,,,,ES,2010/9/7,White Star Publishers,,false,4,882,137,193,42,11,2004/10/26,"Pompeii: The History, Life and Art of the Buried City",book,30,7,5,0,0,4.60,416,Hardcover,,31,9,"['Marisa Ranieri Panetta', 'Araldo De Luca', 'Supts. Of Pompeii & Campania']",76,3,2
884,8881620758,,Pompeii: Monuments Past and Present,9788881620753,,,,ES,2000/1/6,"Oxford University Press, USA",,false,1,884,21,38,9,0,2000/1/7,Pompeii: Monuments Past and Present (Monuments Past and Present),,5,1,3,0,0,4.22,56,Hardcover,,9,0,['Alfonso De Franciscis'],8,2,
894,,,Of Mice and Men (SparkNotes Literature Guide),9781586633721,,,,ES,2002/1/10,SparkNotes,,false,8,2488109,46,52,14,1,2002/1/10,,book,6,4,1,0,3,3.71,72,Paperback,,1,1,"['SparkNotes', 'John Steinbeck']",15,0,
910,0060086513,,Trading with the Enemy: Seduction and Betrayal on Jim Cramer's Wall Street,9780060086510,,,,ES,2002/3/1,HarperCollins Publishers,,false,1,910,124,310,83,7,2002/3/1,Trading with the Enemy: Seduction and Betrayal on Jim Cramer's Wall Street,book,22,27,27,4,3,3.73,208,Hardcover,,83,7,"['Nicholas W. Maier', 'Josh Fund']",25,2,1
920,0451401131,,Hard Rain,9780451401137,,,,ES,1989/3/7,Onyx,,false,7,1553006,361,529,144,15,1988/1/19,Hard Rain,,30,57,43,8,6,3.67,352,Paperback,,5,0,['Peter Abrahams'],133,5,26
932,1557046832,,Memoirs of a Geisha: A Portrait of the Film,9781557046833,,,,ES,2005/10/20,Newmarket Press,eng,false,1,932,309,580,142,8,2005/10/20,Memoirs of a Geisha: A Portrait of the Film,book,60,48,24,6,4,4.08,144,Hardcover,,142,8,"['David        James', 'Peggy Mulloy', 'Rob Marshall', 'Arthur Golden']",122,3,4
938,0809229897,,How to Make Anyone Fall in Love with You,9780809229895,,,,ES,1997/9/22,McGraw-Hill Education,,false,19,938,3137,3651,1017,74,1996/1/1,,book,295,268,266,118,70,3.59,336,Paperback,,920,66,['Leil Lowndes'],1797,9,129
944,0521750849,,Jungle Love,9780521750844,,,,ES,2002/8/1,Cambridge University Press,eng,false,6,944,247,190,57,5,2002/7/31,Jungle Love: Level 5 (Cambridge English Readers),book,14,10,21,5,7,3.33,95,Paperback,,54,5,"['Margaret Johnson', 'Philip Prowse']",136,0,12
948,0943657822,,Building Literacy with Love: A Guide for Teachers and Caregivers of Children Birth Through Age 5,9780943657820,,,,ES,2004/11/30,Zero to Three,,false,1,948,41,50,14,1,2004/11/30,Building Literacy With Love: A Guide for Teachers and Caregivers of Children Birth Through Age 5,,3,5,4,1,1,3.57,366,Paperback,,14,1,"['betty S. Bardige', 'Marilyn M. Segal']",19,2,1
952,1881273652,,The Five Love Languages of Children,9781881273653,,,,ES,1997/6/1,Moody Publishers,,false,50,952,39500,64153,15248,1554,1995/5/28,The Five Love Languages of Children,book,6817,5448,2437,419,127,4.21,224,Paperback,,11511,1106,"['Gary Chapman', 'D. Ross Campbell']",18567,73,2811
954,1881273393,,The Five Love Languages of Teenagers,9781881273394,,,,ES,2001/1/1,Northfield Publishing,,false,40,49117,5938,8617,2093,264,2000/3/1,The Five Love Languages of Teenagers,book,861,761,358,81,32,4.12,272,Paperback,,116,13,['Gary Chapman'],2683,19,595
956,1598590669,,The Five Love Languages: Men's Edition: How to Express Heartfelt Commitment to Your Mate,9781598590661,,,,ES,2005/11/15,Oasis Audio,,false,28,951,3907,7579,1782,150,2004/5/1,,book,863,604,242,49,24,4.25,4,Audio CD,,54,13,['Gary Chapman'],249,12,170
962,157863010X,,"Angels, Demons & Gods of the New Millenium: Musings on Modern Magick",9781578630103,,,,ES,1997/9/1,Weiser Books,,false,4,962,480,682,167,2,1997/1/15,"Angels, Demons & Gods of the New Millennium",book,72,51,33,8,3,4.08,192,Paperback,,157,2,['Lon Milo DuQuette'],252,5,8
964,1593153589,,Secrets of Angels and Demons,9781593153588,,,,ES,2006/3/14,Da Capo Press,,false,16,1970352,397,543,157,13,2004/12/1,Secrets of Angels & Demons,book,31,45,54,19,8,3.46,384,Paperback,,5,0,"['Dan Burstein', 'David A. Shugarts', 'Arne de Keijzer', 'Arne Dekeijzer']",152,11,8
968,0307277674,,"The Da Vinci Code (Robert Langdon, #2)",9780307277671,,,,ES,2006/3/28,Anchor,eng,false,417,968,2208016,6510074,1703958,44274,2003/3/18,The Da Vinci Code,book,542948,591589,363739,132079,73603,3.82,489,Paperback,,1576550,35090,['Dan Brown'],246015,736,13148
970,140001672X,,Fodor's Guide to The Da Vinci Code: On the Trail of the Bestselling Novel,9781400016723,,,,ES,2006/11/14,Fodor's,,false,1,970,93,130,37,8,2006/3/28,Fodor's Guide to The Da Vinci Code: On the Trail of the Bestselling Novel,book,6,15,10,4,2,3.51,256,Paperback,,37,8,"['Jennifer Paull', 'Christopher Culwell']",31,8,
972,2266144340,,"Da Vinci Code (Robert Langdon, #2)",9782266144346,,,,ES,2005/5/3,Pocket,fre,false,417,968,2208016,6510074,1703958,44274,2003/3/18,The Da Vinci Code,book,542948,591589,363739,132079,73603,3.82,744,Mass Market Paperback,,343,14,"['Dan Brown', 'Daniel Roche']",246015,736,13148
974,1414302797,,The Da Vinci Code: Fact or Fiction?,9781414302799,,,,ES,2004/5/1,Tyndale House Publishers,,false,4,974,326,566,154,15,2004/4/19,The Davinci Code Fact or Fiction? pack of 6,book,45,47,37,17,8,3.68,96,Paperback,,145,12,"['Hank Hanegraaff', 'Paul L. Maier']",119,1,4
978,0446611360,,"Point Deception (Cape Perdido, #1)",9780446611367,,,,ES,2002/5/1,Grand Central Publishing,,false,19,978,1836,2641,714,43,2001/7/1,Point Deception,book,124,297,251,38,4,3.70,368,Paperback,,630,34,['Marcia Muller'],806,7,12
988,,,"Winner Take All (John Rain, #3)",,B00BC8T0NM,,,ES,2004/6/28,Barry Eisler,en-GB,true,40,988,10197,27290,6637,231,2004/7/22,Rain Storm,book,2457,2859,1034,180,107,4.11,384,Kindle Edition,New Edition,5030,139,['Barry Eisler'],1749,14,598
994,0071422765,,What Every Investor Needs to Know about Accounting Fraud,9780071422765,,,,ES,2003/12/2,McGraw-Hill Companies,,false,4,994,41,49,15,2,2003/12/2,What Every Investor Needs to Know About Accounting Fraud,,3,3,5,3,1,3.27,176,Paperback,,15,2,['Jeff Madura'],23,0,1
998,0671015206,,The Millionaire Next Door: The Surprising Secrets of America's Wealthy,9780671015206,,,,ES,1998/10/1,Gallery Books,eng,false,6,998,125466,244045,60640,2679,1995/10/28,The Millionaire Next Door: The Surprising Secrets of America's Wealthy,book,22688,21404,12764,2913,871,4.02,258,Paperback,,55252,2312,"['Thomas J. Stanley', 'William D. Danko']",54868,170,4939
1014,0977616657,,Pragmatic Version Control: Using Subversion (The Pragmatic Starter Kit Series),9780977616657,,,,ES,2006/6/7,Pragmatic Bookshelf,eng,false,4,1014,404,800,224,17,2005/1/1,Pragmatic Version Control: Using Subversion (The Pragmatic Starter Kit Series),book,38,87,70,23,6,3.57,256,Paperback,Second Edition,170,14,['Mike   Mason'],70,5,3
1022,1563410907,,Read My Lips: Sexual Subversion and the End of Gender,9781563410901,,,,ES,2005/6/1,Firebrand Books,en-US,false,7,1022,890,995,252,17,1997/9/27,Read My Lips: Sexual Subversion and the End of Gender,book,84,88,66,11,3,3.95,288,Paperback,,246,15,['Riki Anne Wilchins'],565,7,5
1024,0471711802,,Real Estate Riches: How to Become Rich Using Your Banker's Money,9780471711803,,,,ES,2004/10/20,Wiley,,false,25,1030,7905,15707,3884,31,2001/9/30,Real Estate Riches: How to Become Rich Using Your Banker's Money,book,1690,1074,810,221,89,4.04,197,Paperback,,30,2,['Dolf de Roos'],4021,11,46
1026,1591509130,,Real Estate Riches (Rich Dad's Advisors (Audio)) [ABRIDGED] (Rich Dad's Advisors (Audio)),9781591509134,,,,ES,2006/5/1,Topics Entertainment,,false,25,1030,7905,15707,3884,31,2001/9/30,Real Estate Riches: How to Become Rich Using Your Banker's Money,book,1690,1074,810,221,89,4.04,,Audio CD,,2,1,['Dolf de Roos'],4021,11,46
1030,,,Real Estate Riches: How to Become Rich Using Your Banker's Money,9780446678643,,,,ES,2001/10/1,Warner Books (NY),,false,25,1030,7905,15707,3884,31,2001/9/30,Real Estate Riches: How to Become Rich Using Your Banker's Money,book,1690,1074,810,221,89,4.04,192,Paperback,,3766,23,"['Dolf de Roos', 'Robert T. Kiyosaki']",4021,11,46
1032,0345479173,,Trump: The Art of the Deal,9780345479174,,,,ES,2004/12/28,Ballantine Books,en-US,false,42,1032,27215,49483,13535,979,1987/11/1,Trump: The Art of the Deal,book,3998,3951,3412,1279,895,3.66,384,Paperback,,11481,831,"['Donald J. Trump', 'Tony Schwartz']",5251,22,1194
1034,0471917273,,Trump University Real Estate 101: Building Wealth with Real Estate Investments,9780471917274,,,,ES,2006/4/1,John Wiley & Sons,,false,14,1034,562,590,165,7,2006/1/1,Trump University Real Estate 101: Building Wealth With Real Estate Investments,,44,48,45,15,13,3.58,290,Hardcover,,153,7,"['Gary W. Eldred', 'Donald J. Trump']",342,4,20
1038,0394575970,,Trump: Surviving at the Top,9780394575971,,,,ES,1990/8/14,Random House (NY),,false,4,1038,483,512,147,12,1990/8/14,Trump: Surviving at the Top,book,41,40,33,15,18,3.48,229,Hardcover,,135,12,"['Donald J. Trump', 'Charles Leerhsen']",265,9,15
1044,0060529326,,Maybe You Never Cry Again,9780060529321,,,,ES,2004/10/12,It Books,,false,15,1044,806,1479,349,68,2003/4/29,Maybe You Never Cry Again,book,164,124,45,12,4,4.24,304,Paperback,,286,48,"['Bernie Mac', 'Pablo F. Fenjves']",378,6,21
1054,0967936632,,Richest Man In Babylon For Today,9780967936635,,,,ES,2004/1/6,Grammaton Press LLC,,false,1,1054,214,235,61,9,2004/1/6,The Richest Man In Babylon For Today: New Secrets For Building Wealth in The 21st Century,,23,15,15,7,1,3.85,150,Hardcover,,61,9,"['Fred Siegel', 'Rick Crandall']",128,3,3
1060,0761451455,,Shibumi and the Kitemaker,9780761451457,,,,ES,2003/1/1,Cavendish Square Publishing,,false,5,557354,185,324,80,17,1999/9/1,Shibumi and the Kitemaker: Story and Pictures,,36,20,18,4,2,4.05,48,Paperback,,7,1,['Mercer Mayer'],65,11,1
1070,0807841994,,"The Highland Scots of North Carolina, 1732-1776",9780807841990,,,,ES,1987/8/24,University of North Carolina Press,,false,4,1070,91,148,39,3,1961/1/1,"The Highland Scots of North Carolina, 1732-1776",,10,12,16,1,0,3.79,230,Paperback,,32,2,['Duane Meyer'],30,1,5
1080,0822005352,,The Good Earth (Cliffs Notes),9780822005353,,,,ES,1974/11/29,Cliffs Notes,,false,3,1080,26,36,9,0,1974/11/29,The Good Earth (Cliffs Notes),,4,2,2,1,0,4.00,64,Paperback,,8,0,['Stephen Veo Huntley'],8,0,1
1090,0310258979,,Purpose Driven Life - For Commuters: What on Earth Am I Here For?,9780310258971,,,,ES,2005/3/15,Zondervan,eng,false,153,56495,307652,795081,202958,2993,2002/1/1,The Purpose Driven Life: What on Earth am I Here For?,book,83839,55235,38215,14632,11037,3.92,5,Audio CD,Abridged,26,2,['Rick Warren'],88247,91,6840
1096,0310807255,,Daily Inspiration for the Purpose Driven Life,9780310807254,,,,ES,2004/9/5,Zondervan,,false,13,765077,4981,10335,2354,87,2003/9/22,Daily Inspiration for the Purpose Driven® Life: Scriptures and Reflections from the 40 Days of Purpose (Purpose Driven Life),,1454,551,222,68,59,4.39,288,Hardcover,,13,1,['Rick Warren'],2041,14,377
1100,006116139X,,Fast Food Nation: The Dark Side of the All-American Meal,9780061161391,,,,ES,2006/10/1,Harper Perennial,,false,68,1097,309028,715617,191386,5267,2001/1/17,Fast Food Nation: The Dark Side of the All-American Meal ,book,48981,72215,49518,12626,8046,3.74,383,Paperback,Tie-In edition; P.S. (US/CAN),109,17,['Eric Schlosser'],101247,163,2014
1104,074142892X,,Do You Want to Know a Secret? the Story of the Official George Harrison Fan Club,9780741428929,,,,ES,2005/12/29,Infinity Publishing (PA),,false,1,1104,8,20,4,0,2005/12/31,Do You Want to Know a Secret?: The Story of the Official George Harrison Fan Club,,4,0,0,0,0,5.00,,Paperback,,4,0,['Pat Kinzer Mancuso'],3,0,
1118,0471783188,,Broker to Broker: Management Lessons from America's Most Successful Real Estate Companies,9780471783183,,,,ES,2005/10/1,Wiley,,false,5,1118,21,34,9,0,2005/10/1,Broker to Broker: Management Lessons From America's Most Successful Real Estate Companies,,3,3,2,0,1,3.78,304,Hardcover,,6,0,"['Robert Freedman', 'Realtor Magazine']",10,0,2
1120,0060193395,,Body For Life: 12 Weeks to Mental and Physical Strength,9780060193393,,,,ES,1999/6/10,"HarperCollins Publishers, Inc.",en-US,false,14,1120,5759,14421,3870,275,1999/6/10,Body for Life: 12 Weeks to Mental and Physical Strength,book,1053,1226,1167,327,97,3.73,201,Hardcover,First Edition,3792,273,"['Bill Phillips', ""Michael D'Orso""]",1179,11,57
1122,0060515597,,Body for Life Success Journal,9780060515591,,,,ES,2002/11/26,William Morrow,,false,4,1122,252,647,159,2,2000/3/1,,book,75,36,34,12,2,4.07,312,Hardcover,,157,2,['Bill Phillips'],53,8,1
1126,0525949194,,"One Body, One Life: Six Weeks to the New You",9780525949190,,,,ES,2006/4/20,Dutton Adult,,false,1,1126,28,36,10,0,2006/4/20,"One Body, One Life: Six Weeks to the New You",,2,5,1,1,1,3.60,288,Hardcover,,10,0,"['Gregory Joujon-Roche', 'Cameron Stauth']",16,0,
1136,0471397741,,J. K. Lasser's Pick Stocks Like Warren Buffett,9780471397748,,,,ES,2001/10/26,John Wiley & Sons,,false,7,1136,34,31,9,3,2001/10/12,J. K. Lasser's Pick Stocks Like Warren Buffett,,0,4,5,0,0,3.44,304,Paperback,,7,2,['Warren Boroson'],14,0,5
1138,0471430455,,The Warren Buffett CEO: Secrets from the Berkshire Hathaway Managers,9780471430452,,,,ES,2003/4/18,Wiley,eng,false,6,500473,1069,873,216,11,2001/10/15,The Warren Buffett CEO: Secrets of the Berkshire Hathaway Managers,book,76,85,46,6,3,4.04,432,Paperback,,35,1,"['Robert P. Miles', 'Tom Osborne']",775,11,17
1144,0470821531,,Warren Buffett: An Illustrated Biography of the World's Most Successful Investor,9780470821534,,,,ES,2004/12/14,Wiley,,false,8,1144,167,312,85,16,2004/11/30,Warren Buffett: An Illustrated Biography of the World's Most Successful Investor,book,19,29,29,6,2,3.67,160,Paperback,,72,14,"['Ayano Morio', 'Mark Schreiber']",49,1,4
1154,0471430463,,101 Reasons to Own the World's Greatest Investment: Warren Buffett's Berkshire Hathaway,9780471430469,,,,ES,2003/4/3,John Wiley & Sons,,false,5,1154,150,93,26,0,1999/4/1,101 Reasons to Own the World's Greatest Investment: Warren Buffett's Berkshire Hathaway,,6,7,10,2,1,3.58,270,Paperback,,21,0,['Robert P. Miles'],112,1,3
1164,0805431578,,Monkey Business: True Story of the Scopes Trial,9780805431575,,,,ES,2005/5/15,B Books,eng,false,1,1164,69,76,24,7,2005/5/15,Monkey Business: The True Story Of The Scopes Trial,book,4,5,7,7,1,3.17,368,Paperback,,24,7,"['Marvin N. Olasky', 'John R. Perry']",32,2,2
1166,0141303905,,"Hank the Cowdog and Monkey Business (Hank the Cowdog, #14)",9780141303901,,,,ES,1998/8/1,Puffin,,false,14,1166,908,2259,552,19,1990/9/1,,book,248,145,127,26,6,4.09,128,Paperback,,518,18,"['John R. Erickson', 'Gerald L. Holmes']",197,14,10
1190,0595350356,,Simply Sicilian: Family Recipes,9780595350353,,,,ES,2005/5/18,iUniverse,,false,1,1190,2,0,0,0,2005/5/18,Simply Sicilian: Family Recipes,,0,0,0,0,0,0.00,200,Paperback,,0,0,['Carol Cappelline Schulte'],2,0,
1192,1400052580,,Everyday Italian: 125 Simple and Delicious Recipes,9781400052585,,,,ES,2005/2/22,Clarkson Potter,eng,false,4,1192,84364,151402,38390,214,2005/2/22,Everyday Italian: 125 Simple and Delicious Recipes,book,14428,12417,7955,2139,1451,3.94,256,Hardcover,,38174,213,['Giada De Laurentiis'],46699,13,249
1194,8854401595,,Alex & Penny in Egypt,9788854401594,,,,ES,2007/1/16,White Star,,false,1,1194,6,0,0,0,2007/1/16,Alex & Penny in Egypt,,0,0,0,0,0,0.00,80,Hardcover,,0,0,"['Giada Francia', 'Angelo Colombo', 'Patrizia Balocco Lovisetti']",4,1,
1196,1400052386,,Tyler's Ultimate: Brilliant Simple Food to Make Any Time,9781400052387,,,,ES,2006/9/26,Clarkson Potter,eng,false,5,1196,6317,14748,3593,35,2006/9/26,Tyler's Ultimate: Brilliant Simple Food to Make Any Time,book,1610,1081,660,152,90,4.10,256,Hardcover,,3556,33,"['Tyler Florence', 'Petrina Tinslay']",2720,7,19
1198,1400052378,,Eat This Book: Cooking with Global Fresh Flavors,9781400052370,,,,ES,2004/10/1,Clarkson Potter Publishers,eng,false,5,1198,588,1094,278,16,2004/10/1,Eat This Book: Cooking with Global Fresh Flavors,book,96,87,79,13,3,3.94,287,Hardcover,,269,15,"['Tyler Florence', 'Petrina Tinslay']",194,7,52
1202,0061234001,,Freakonomics: A Rogue Economist Explores the Hidden Side of Everything,9780061234002,,,,ES,2006/10/17,William Morrow,eng,false,139,1202,991049,2421626,612403,14951,2005/4/12,Freakonomics: A Rogue Economist Explores the Hidden Side of Everything,book,202894,239323,125382,28914,15890,3.95,320,Hardcover,Revised and Expanded Edition (US/CAN),582208,12478,"['Steven D. Levitt', 'Stephen J. Dubner']",329782,280,11344
1204,8466625127,,Freakonomics: Un economista políticamente incorrecto explora el lado oculto de lo que nos afecta,9788466625128,,,,ES,2006/8/1,Ediciones B,spa,false,139,1202,991049,2421626,612403,14951,2005/4/12,Freakonomics: A Rogue Economist Explores the Hidden Side of Everything,book,202894,239323,125382,28914,15890,3.95,250,Paperback,,184,23,"['Steven D. Levitt', 'Stephen J. Dubner']",329782,280,11344
1206,0061245135,,Freakonomics: A Rogue Economist Explores the Hidden Side of Everything,9780061245138,,,,ES,2006/12/8,Harper,en-US,false,139,1202,991049,2421626,612403,14951,2005/4/12,Freakonomics: A Rogue Economist Explores the Hidden Side of Everything,book,202894,239323,125382,28914,15890,3.95,496,Paperback,"Revised and Expanded Edition, Large Print",92,5,"['Steven D. Levitt', 'Stephen J. Dubner']",329782,280,11344
1208,0595341527,,The Semi-Complete Guide to Sort of Being a Gentleman,9780595341528,,,,ES,2005/1/28,iUniverse,,false,3,1208,7,9,2,0,2005/1/28,The Semi-Complete Guide to Sort of Being a Gentleman,,1,1,0,0,0,4.50,148,Paperback,,2,0,['Brock LaBorde'],5,0,
1216,080322026X,,Miracle Collapse: The 1969 Chicago Cubs,9780803220263,,,,ES,2006/9/1,University of Nebraska Press,,false,5,1216,53,89,26,1,2006/9/1,Miracle Collapse: The 1969 Chicago Cubs,,6,3,13,4,0,3.42,280,Hardcover,,19,1,"['Doug Feldmann', 'Don Kessinger']",20,0,2
1218,0399153594,,"The Last Assassin (John Rain, #5)",9780399153594,,,,ES,2006/6/1,Putnam Publishing Group,eng,false,36,1131592,9322,25746,6070,193,2006/6/1,The Last Assassin,book,2632,2466,820,110,42,4.24,338,Hardcover,,177,22,['Barry Eisler'],1794,12,325
1226,0156030209,,Life of Pi,9780156030205,,,,ES,2004/5/3,Mariner Books / Harvest Books,en-US,false,132,4214,1790301,4597241,1180100,45164,2001/9/11,Life of Pi,book,400160,420780,237223,79715,42222,3.90,401,Mass Market Paperback,,4215,672,['Yann Martel'],5484,1013,18620
1228,0676978991,,Life of Pi,9780676978995,,,,ES,2007/11/13,Knopf Canada,,false,132,4214,1790301,4597241,1180100,45164,2001/9/11,Life of Pi,book,400160,420780,237223,79715,42222,3.90,336,Hardcover - Deluxe Illustrated Edition,,107,22,['Yann Martel'],5484,1013,18620
1230,0828808392,,L'Histoire de Pi,9780828808392,,,,ES,2005/11/24,Gallimard,fre,false,132,4214,1790301,4597241,1180100,45164,2001/9/11,Life of Pi,book,400160,420780,237223,79715,42222,3.90,448,Mass Market Paperback,,164,24,"['Yann Martel', 'Nicole Martel', 'Emile Martel']",5484,1013,18620
1238,1581342667,,Freedom's Shadow,9781581342666,,,,ES,2001/5/10,Crossway Books,,false,2,1238,37,51,14,0,2001/5/10,"Freedom's Shadow (Winds of Freedom, 2)",,3,6,3,1,1,3.64,333,Paperback,,14,0,['Marlo Schalesky'],17,1,
1242,1411677315,,A Million Little Pieces of Feces,9781411677319,,,,ES,2006/2/10,Lulu.com,en-US,false,1,1242,192,149,42,6,2006/2/10,A Million Little Pieces of Feces,,9,20,3,5,5,3.55,256,Paperback,,42,6,['Python Bonkers'],137,2,2
1244,1932902481,,Sandpaper Sisters,9781932902488,,,,ES,2005/10/25,Faithwalk Publishing,,false,1,1244,110,8,2,1,2005/9/7,"Sandpaper Sisters: Addicts Turned Community Builders, Miracles Do Happen!",,0,2,0,0,0,4.00,207,Paperback,,2,1,['Michele McKnight Baker'],106,0,
1248,0785264051,,The 21 Irrefutable Laws of Leadership Workbook: Follow Them and People Will Follow You,9780785264057,,,,ES,2002/10/6,Thomas Nelson,,false,2,1248,721,1154,267,7,2009/10/13,,,142,79,39,4,3,4.32,,Paperback,,252,7,['John C. Maxwell'],354,7,30
1250,141294161X,,Leadership: Theory and Practice,9781412941617,,,,ES,2006/10/26,"Sage Publications, Inc",,false,60,1250,3480,6960,1823,97,1997/3/11,Leadership: Theory and Practice,book,516,662,481,125,39,3.82,395,Paperback,,938,47,['Peter G. Northouse'],882,17,210
1252,0446394599,,Lincoln on Leadership: Executive Strategies for Tough Times,9780446394598,,,,ES,1993/2/1,Business Plus,eng,false,15,1252,10078,21646,5236,274,1992/1/1,Lincoln on Leadership: Executive Strategies for Tough Times,book,2224,1825,931,177,79,4.13,193,Paperback,,4906,261,['Donald T. Phillips'],4072,19,310
1254,0787951722,,The Leadership Pipeline: How to Build the Leadership-Powered Company,9780787951726,,,,ES,2000/12/20,Jossey-Bass,,false,1,1254,3224,4140,1054,76,2000/11/1,The Leadership Pipeline: How to Build the Leadership Powered Company,book,325,409,254,51,15,3.93,272,Hardcover,,571,28,"['Ram Charan', 'Stephen Drotter', 'Jim Noel']",1565,14,294
1256,0786614331,,Complete Giuliani Studies,9780786614332,,,,ES,1995/1/1,Mel Bay Publications,,false,2,1256,6,8,2,0,1995/9/19,Complete Giuliani Studies,,1,0,1,0,0,4.00,166,Paperback,,2,0,['David Grimes'],3,0,
1258,0898981905,,120 Studies for Right Hand Development,0029156149524,,,,ES,1983/3/1,Alfred Music,,false,2,1258,48,82,19,1,1983/3/7,120 Studies for Right Hand Development (Classical Guitar Study),,9,9,0,0,1,4.32,20,Paperback,,14,1,"['Mauro Giuliani', 'Paul Brelinsky']",14,0,7
1262,1594030847,,"The Prince of the City: Giuliani, New York, and the Genius of American Life",9781594030840,,,,ES,2005/7/1,Encounter Books,,false,12,81765,169,308,86,8,2005/7/1,"The Prince of the City: Giuliani, New York and the Genius of American Life",,15,29,35,5,2,3.58,374,Hardcover,,17,2,['Fred Siegel'],64,3,1
1264,0465005233,,Rudy! An Investigative Biography Of Rudolph Giuliani,9780465005239,,,,ES,2000/7/25,Basic Books,,false,5,117391,80,77,21,3,2000/7/25,Rudy!: An Investigative Biography of Rudolph Guiliani,,4,8,7,2,0,3.67,512,Hardcover,,5,1,"['Wayne Barrett', 'Adam Fifield']",46,0,
1282,0091826160,,"Children Are from Heaven: How to Have Strong, Confident Children",9780091826161,,,,ES,1999/10/1,Vermilion,,false,38,124544,3224,3585,928,108,2000/8/1,Children Are From Heaven Positive Parenting Skills,book,299,305,246,54,24,3.86,400,Paperback,,30,1,['John Gray'],548,9,122
1284,047082204X,,Playing the REITs Game: Asia's New Real Estate Investment Trusts,9780470822043,,,,ES,2007/11/1,John Wiley & Sons,,false,1,1284,25,20,7,0,2006/11/29,Playing the REITs Game: Investing in Real Estate Investment Trusts,,1,0,3,3,0,2.86,224,Hardcover,,7,0,['Dominic Whiting'],15,0,1
1288,0471211664,,J.K.Lasser Pro Real Estate Investment Trusts: New Strategies for Portfolio Management,9780471211662,,,,ES,2002/6/3,John Wiley & Sons,,false,1,1288,4,0,0,0,2002/6/15,J K Lasser Pro Real Estate Investment Trusts,,0,0,0,0,0,0.00,372,Hardcover,,0,0,['Richard Imperiale'],4,0,
1290,0735200300,,How to Succeed with Women,9780735200302,,,,ES,1998/10/29,Prentice Hall Press,en-US,false,2,1290,210,305,81,12,1998/10/1,How to Succeed with Women,,30,21,15,11,4,3.77,320,Paperback,,78,12,"['Ron  Louis', 'David Copeland']",90,2,6
1294,1569801703,,How to Survive the IRS: My Battles Against Goliath,9781569801703,,,,ES,2001/4/1,Barricade Books,,false,1,1294,23,18,5,2,2001/3/1,How to Survive the IRS: My Battles Against Goliath,book,2,1,1,0,1,3.60,312,Hardcover,,5,2,"['Michael Louis Minns', 'Ron Paul']",17,0,
1296,0517542021,,"The Clan of the Cave Bear (Earth's Children, #1)",9780517542026,,,,ES,1980/5/4,Crown Publishing Group,eng,false,177,40611463,278849,830451,205796,5813,1980/5/4,The Clan of the Cave Bear,book,81152,69906,39810,10709,4219,4.04,468,Hardcover,First Edition,465,63,['Jean M. Auel'],47466,519,2844
1302,0744005612,,Juiced Official Strategy Guide,9780744005615,,,,ES,2005/6/1,BradyGames,eng,false,1,1302,3,0,0,0,2005/6/1,Juiced Official Strategy Guide,book,0,0,0,0,0,0.00,112,Paperback,,0,0,['Doug Walsh'],2,0,
1310,0875952704,,Fire at Eden's Gate: Tom McCall and the Oregon Story,9780875952703,,,,ES,2003/1/1,Oregon Historical Society,,false,2,2083267,457,481,113,21,1994/12/31,Fire at Eden's Gate: Tom McCall & the Oregon Story,,55,38,15,4,1,4.26,564,Paperback,,21,2,['Brent Walth'],303,6,3
1320,0826413013,,Gita on the Green,9780826413017,,,,ES,2002/5/30,Continuum,en-US,false,2,1320,68,86,23,2,2000/1/15,Gita on the Green: The Mystical Tradition Behind Bagger Vance,book,6,9,5,2,1,3.74,176,Hardcover,,14,1,"['Stephen J. Rosen', 'Steven Pressfield']",40,0,1
1322,0811701646,,Blood Stripes: The Grunt's View of the War in Iraq,9780811701648,,,,ES,2006/4/24,Stackpole Books,,false,6,1322,545,459,118,7,2006/5/10,Blood Stripes: The Grunt's View of the War in Iraq,book,37,46,23,9,3,3.89,340,Hardcover,,77,6,"['David J. Danelo', 'Steven Pressfield']",377,15,5
1326,0140442758,,Phaedrus and Letters VII and VIII,9780140442755,,,,ES,1973/1/30,Penguin Classics,en-US,false,2,1326,470,883,214,18,1973/1/1,Phaedrus and Letters VII and VIII,book,86,77,44,6,1,4.13,160,Paperback,,210,18,"['Plato', 'Walter Hamilton']",150,9,2
1338,0872207889,,On Love: Lysis/Symposium/Phaedrus/Alcibiades/Selections from Republic & Laws,9780872207882,,,,ES,2006/6/15,"Hackett Publishing Company, Inc.",eng,false,6,1338,366,669,165,4,2006/3/30,On Love: Lysis/Symposium/Phaedrus/Alcibiades/Selections from Republic & Laws,book,70,50,32,10,3,4.05,272,Paperback,,145,4,"['Plato', 'C.D.C. Reeve']",112,7,17
1358,0862920531,,Gorgias: Encomium of Helen,9780862920531,,,,ES,1991/6/1,Bristol Classical Press,,false,6,1358,238,436,117,7,1982/1/1,Gorgias (BCP Greek Texts),book,29,43,32,10,3,3.73,48,Paperback,,107,7,"['Gorgias of Leontini', 'D.M. Macdowell']",72,8,2
1378,0872205428,,The Essential Iliad,9780872205420,,,,ES,2000/9/15,"Hackett Publishing Company, Inc.",en-US,false,6,1378,486,972,246,19,2000/1/1,,book,73,106,50,16,1,3.95,215,Paperback,,192,15,"['Homer', 'Sheila Murnaghan', 'Stanley Lombardo']",75,14,17
1396,0876056443,,Herding Dogs: Progressive Training,9780876056448,,,,ES,1994/10/1,Howell Books,,false,4,1396,167,317,81,3,1994/10/1,Herding Dogs: Progressive Training,,25,28,24,4,0,3.91,256,Hardcover,,66,3,"['Vergil S. Holland', 'Wait Jagger']",37,1,32
1398,083736213X,,Latin (Vergil),9780837362137,,,,ES,2014/1/1,National Learning Corp,,false,1,1398,2,0,0,0,2001/7/1,AP Latin (Vergil) (Advanced Placement Test Series),,0,0,0,0,0,0.00,,Paperback,,0,0,"['Jack Rudman', 'National Learning Corporation']",2,0,
1408,155832125X,,"Paul Kirk's Championship Barbecue Sauces: 175 Make-Your-Own Sauces, Marinades, Dry Rubs, Wet Rubs, Mops and Salsas",9781558321250,,,,ES,1997/12/3,Harvard Common Press,eng,false,5,1408,107,230,59,0,1997/1/1,"Paul Kirk's Championship Barbecue Sauces: 175 Make-Your-Own Sauces, Marinades, Dry Rubs, Wet Rubs, Mops, and Salsas",book,20,17,18,4,0,3.90,272,Paperback,,52,0,['Paul  Kirk'],17,0,6
1410,0306446766,,"Lacrimal Gland, Tear Film, and Dry Eye Syndromes: Basic Science and Clinical Relevance",9780306446764,,,,ES,1994/3/31,Springer,,false,3,1186811,2,0,0,0,1994/3/31,"Lacrimal Gland, Tear Film, and Dry Eye Syndromes 2: Basic Science and Clinical Relevance (Advances in Experimental Medicine and Biology)",book,0,0,0,0,0,0.00,729,Hardcover,,0,0,"['David A. Sullivan', 'D. A. Sullivan']",2,0,
1422,0671760467,,"Shakespeare Set Free: Teaching Romeo & Juliet, Macbeth & Midsumr Night'",9780671760465,,,,ES,1993/9/1,Washington Square Press,,false,1,1422,183,427,100,6,1993/9/1,"Shakespeare Set Free: Teaching Romeo & Juliet, Macbeth & A Midsummer Night's Dream (The Folger Library)",,49,33,15,2,1,4.27,288,Paperback,,100,6,"['William Shakespeare', 'Jeanne Addison Roberts']",48,1,
1456,0226734005,,Apologies to Thucydides: Understanding History as Culture and Vice Versa,9780226734002,,,,ES,2004/12/1,University of Chicago Press,,false,2,1456,170,133,31,2,2004/12/1,Apologies to Thucydides: Understanding History as Culture and Vice Versa,,17,6,8,0,0,4.29,320,Hardcover,,30,2,['Marshall Sahlins'],122,1,3
1458,0521224616,,"The Intellectual Revolution: Selections from Euripides, Thucydides and Plato",9780521224611,,,,ES,1980/9/30,Cambridge University Press,,false,1,1458,37,41,10,1,1980/8/28,"The Intellectual Revolution: Selections from Euripides, Thucydides and Plato",book,4,3,3,0,0,4.10,172,Paperback,,10,1,"['Joint Association of Classical Teachers', 'Euripides', 'Thucydides', 'Plato', 'Joint Association of Classical']",21,1,2
1460,0198141262,,A Historical Commentary on Thucydides: Volume 1: Introduction and Commentary on Book I,9780198141266,,,,ES,1963/3/1,OUP Oxford,,false,1,1460,21,6,2,0,1945/12/31,A Historical Commentary on Thucydides:  Volume 1: Introduction and Commentary on Book I (Introduction & Commentary on Book 1),,0,0,2,0,0,3.00,492,Hardcover,,2,0,['A.W. Gomme'],12,0,1
1480,0413752801,,Plays 1: Medea/The Phoenician Women/Bacchae,9780413752802,,,,ES,2000/11/9,Bloomsbury Methuen Drama,eng,false,1,1480,18,34,9,0,2000/11/9,Plays 1,book,2,3,4,0,0,3.78,192,Paperback,,9,0,"['Euripides', 'David Thompson', 'J. Michael Walton']",6,1,
1484,0941051420,,"Euripides' Bacchae, Focus Classical Library (Focus Classical Library)",9780941051422,,,,ES,1998/1/1,Focus Publishing/R. Pullins Company,,false,1,1484,109,238,64,6,1998/1/1,"Euripides' Bacchae, Focus Classical Library (Focus Classical Library)",,16,23,16,9,0,3.72,134,Paperback,,64,6,"['Steven Esposito', 'Euripides', 'James J. Clauss', 'Michael R. Halleran']",19,5,
1500,0715634305,,Euripides: Bacchae (Duckworth Companions to Greek & Roman Tragedy) (Duckworth Companions to Greek & Roman Tragedy),9780715634301,,,,ES,2006/5/1,Gerald Duckworth & Company,,false,1,1500,11,19,5,2,2006/5/1,Euripides: Bacchae (Duckworth Companions to Greek & Roman Tragedy) (Duckworth Companions to Greek & Roman Tragedy),,1,2,2,0,0,3.80,144,Paperback,,5,2,['Sophie Mills'],4,0,1
1502,0715629743,,Euripides: Hippolytus,9780715629741,,,,ES,2002/8/29,Bristol Classical Press,,false,1,1502,36,57,15,0,2002/9/1,Euripides: Hippolytus (Duckworth Companions to Greek and Roman Tragedy),,5,2,8,0,0,3.80,144,Paperback,,15,0,['Sophie Mills'],12,1,
1504,071563187X,,Euripides: Medea,9780715631874,,,,ES,2002/10/31,Bristol Classical Press,eng,false,1,1504,36,62,16,1,2002/10/1,Euripides: Medea (Duckworth Companions to Greek and Roman Tragedy),book,4,6,6,0,0,3.88,160,Paperback,,16,1,['William Allan'],11,1,
1538,0451527844,,The Complete Plays,9780451527844,,,,ES,2001/3/1,New American Library,eng,false,13,1538,7359,16501,3862,105,1988/1/1,,book,1922,1227,587,96,30,4.27,420,Paperback,,2851,37,"['Sophocles', 'Paul Roche']",2503,14,200
1552,0139789332,,Introduction to Signal Processing,9780139789335,,,,ES,1998/3/1,,,false,6,1298998,19,3,1,2,1985/8/1,Optimum Signal Processing: An Introduction,,0,0,1,0,0,3.00,,Hardcover,,0,0,['Sophocles J. Orfanidis'],14,0,
1564,0674995872,,Birds/Lysistrata/Women at the Thesmophoria (Loeb Classical Library 179),9780674995871,,,,ES,2000/11/15,Harvard University Press,,false,1,1564,143,273,66,7,2000/11/15,Birds/Lysistrata/Women at the Thesmophoria (Loeb Classical Library 179),book,27,24,12,3,0,4.14,624,Hardcover,,66,7,"['Aristophanes', 'Jeffrey Henderson']",43,3,1
1572,0674995376,,Clouds/Wasps/Peace,9780674995376,,,,ES,1998/12/15,Loeb Classical Library/Harvard University Press,grc,false,1,1572,143,275,67,10,1998/12/15,Clouds/Wasps/Peace,book,26,24,15,2,0,4.10,606,Hardcover,,67,10,"['Aristophanes', 'Jeffrey Henderson']",38,2,5
1574,0226777197,,Socrates and Aristophanes,9780226777191,,,,ES,1996/11/15,University of Chicago Press,,false,5,1574,162,161,39,1,1980/6/1,Socrates and Aristophanes,book,18,11,8,1,1,4.13,332,Paperback,,39,1,['Leo Strauss'],104,3,1
1576,0140441522,,Three Plays: The Wasps / The Poet and the Women / The Frogs,9780140441529,,,,ES,1964/2/28,Penguin Books,eng,false,3,1576,706,1463,370,26,1964/5/28,The Wasps/The Poet and the Women/The Frogs,book,119,142,84,23,2,3.95,224,Paperback,Penguin Classics,363,26,"['Aristophanes', 'David B. Barrett']",190,11,7
1580,0812216849,,Aristophanes 2: Wasps/Lysistrata/Frogs/The Sexual Congress,9780812216844,,,,ES,1999/5/6,University of Pennsylvania Press,,false,2,1580,34,61,16,1,1999/5/27,Aristophanes 2: Wasps/Lysistrata/Frogs/The Sexual Congress,book,2,9,5,0,0,3.81,376,Paperback,,16,1,"['Aristophanes', 'David R. Slavitt', 'Smith Palmer Bovie']",11,2,
1584,0822007762,,"Cliffs Notes on Aristophanes' Lysistrata, The Birds, The Clouds, The Frogs",0049086007763,,,,ES,1983/12/29,Cliffs Notes,eng,false,3,1584,16,7,3,0,1983/12/29,,book,0,0,2,0,1,2.33,80,Paperback,,3,0,['W. John Campbell'],6,1,
1592,0140443320,,The Knights / Peace / The Birds / The Assembly Women / Wealth,9780140443325,,,,ES,1978/7/27,Penguin Classics,en-US,false,1,1592,142,145,38,1,1978/7/27,The Knights/Peace/The Birds/The Assembly Women/Wealth,book,6,19,13,0,0,3.82,335,Paperback,,38,1,"['Aristophanes', 'Alan H. Sommerstein', 'David B. Barrett', 'David Brett']",49,5,3
1594,0521838258,,Spectacles of Truth in Classical Greek Philosophy: Theoria in Its Cultural Context,9780521838252,,,,ES,2004/8/1,Cambridge University Press,,false,5,1594,19,18,4,1,2004/8/1,Spectacles of Truth in Classical Greek Philosophy: Theoria in its Cultural Context,book,3,0,1,0,0,4.50,311,Hardcover,,4,1,['Andrea Wilson Nightingale'],11,0,
1596,0907562523,,The Nightingale Question: Five Poets from Saxony,9780907562528,,,,ES,2004/7/15,Shearsman Books,,false,1,1596,1,0,0,0,2004/7/15,The Nightingale Question: Five Poets From Saxony,,0,0,0,0,0,0.00,108,Paperback,,0,0,['Tessa Ransford'],1,0,
1600,1883789133,,The Life and Works of Thomas Cole,9781883789138,,,,ES,1997/8/1,Black Dome Press,,false,3,1600,32,44,12,2,1964/2/5,The Life and Works of Thomas Cole,,2,5,4,1,0,3.67,400,Paperback,,12,2,"['Louis Legrand Noble', 'Elliot S. Vesell']",11,3,
1602,0883600838,,Thomas Cole's Paintings of Eden,9780883600832,,,,ES,1994/12/1,Amon Carter Museum,,false,1,1602,4,2,1,0,1994/12/1,Thomas Cole's Paintings of Eden,book,0,0,0,1,0,2.00,71,Hardcover,,1,0,"['Franklin Kelly', 'Thomas Cole']",2,0,
1614,0300075901,,The Beginnings of Rhetorical Theory in Classical Greece,9780300075908,,,,ES,1999/7/11,Yale University Press,,false,1,1614,10,8,2,0,1999/7/11,The Beginnings of Rhetorical Theory in Classical Greece,,0,2,0,0,0,4.00,240,Hardcover,,2,0,['Edward Schiappa'],6,0,
1618,1400032717,,The Curious Incident of the Dog in the Night-Time,9781400032716,,,,ES,2004/5/18,Vintage,eng,false,203,1618,1493751,4026195,1040772,40120,2003/7/31,The Curious Incident of the Dog in the Night-Time,book,306243,403018,243499,64399,23613,3.87,226,Paperback,Vintage Contemporaries,979870,33844,['Mark Haddon'],342121,2488,9732
1620,0316156507,,The Night Gardener,9780316156509,,,,ES,2006/8/8,Little Brown and Company,eng,false,54,1620,7885,17045,4690,450,2006/8/8,The Night Gardener,book,726,2057,1466,348,93,3.63,372,Hardcover,,3915,351,['George Pelecanos'],2263,16,143
1626,0743298152,,Brokeback Mountain: Story to Screenplay,9780743298155,,,,ES,2006/4/11,Scribner Book Company,,false,4,1626,1800,5473,1327,56,2005/12/27,Brokeback Mountain: Story to Screenplay,book,606,416,205,64,36,4.12,166,Hardcover,,1111,43,"['Annie Proulx', 'Larry McMurtry', 'Diana Ossana']",286,9,19
1632,0007234309,,Brokeback Mountain,9780007234301,,,,ES,2006/2/20,Harper Perennial,en-GB,false,51,1627,44427,101777,25870,1951,1997/10/13,Brokeback Mountain,book,8358,9841,5752,1448,471,3.93,,,,77,1,"['Annie Proulx', 'Larry McMurtry', 'Diana Ossana']",13720,148,142
1634,1576751724,,Getting Things Done When You Are Not in Charge,9781576751725,,,,ES,2001/8/27,Berrett-Koehler Publishers,,false,9,1634,353,328,95,13,1992/8/31,Getting Things Done When You Are Not in Charge,,14,30,38,11,2,3.45,176,Paperback,,69,11,['Geoffrey M. Bellman'],178,4,16
1636,1592574211,,The Complete Idiot's Guide to Getting Things Done,9781592574216,,,,ES,2005/12/6,Alpha Books,,false,8,1636,101,102,26,0,2005/12/6,The Complete Idiot's Guide to Getting Things Done (The Complete Idiot's Guide),book,11,7,4,3,1,3.92,324,Paperback,,17,0,['Jeff Davidson'],56,5,5
1638,0787960586,,"Results That Matter: Improving Communities by Engaging Citizens, Measuring Performance, and Getting Things Done",9780787960582,,,,ES,2005/11/1,Jossey-Bass,,false,7,1638,23,44,11,0,2005/11/1,"Results that Matter: Improving Communities by Engaging Citizens, Measuring Performance, and Getting Things Done",book,4,3,4,0,0,4.00,242,Hardcover,,10,0,"['Paul D. Epstein', 'David Swain', 'Paul M. Coates', 'Lyle D. Wray']",9,0,2
1642,843392463X,,Formas breves,9788433924636,,,,ES,2001/6/1,Anagrama,spa,false,6,1642,450,969,233,29,2001/1/1,Formas breves,book,90,95,43,5,0,4.16,144,Hardcover,,202,26,['Ricardo Piglia'],159,7,8
1658,0321317106,,"American Government: Continuity and Change, Alternate Edition",9780321317100,,,,ES,2005/3/11,Longman Publishing Group,eng,false,71,1659,72,56,19,2,1996/12/1,American Government: Continuity and Change,book,2,4,6,5,2,2.95,664,Paperback,Eighth Edition,0,0,"[""Karen  O'Connor"", 'Larry J. Sabato']",21,0,2
1664,0321365208,,Essentials of American and Texas Government: Continuity and Change,9780321365200,,,,ES,2005/7/29,Longman Publishing Group,eng,false,10,17043,33,28,8,2,2000/12/29,Essentials of American Government: Continuity and Change,book,2,2,3,0,1,3.50,854,Paperback,,0,0,"[""Karen  O'Connor"", 'Larry J. Sabato']",10,0,1
1696,1563472406,,Augustine's Laws,9781563472404,,,,ES,1997/1/1,AIAA (American Institute of Aeronautics & Astronautics),,false,7,1696,166,215,53,4,1982/12/31,"Augustine's Laws, 6th Edition",book,18,22,11,2,0,4.06,395,Hardcover,Sixth Edition,42,4,['Norman R. Augustine'],88,2,11
1702,0143035983,,Saint Augustine,9780143035985,,,,ES,2005/8/30,Penguin Books,eng,false,17,1702,724,1294,366,46,1999/6/1,Saint Augustine,book,64,121,138,33,10,3.54,176,Paperback,,255,30,['Garry Wills'],246,6,11
1706,0664241654,,Later Works,9780664241650,,,,ES,1955/1/1,Westminster John Knox Press,eng,false,2,1706,87,117,28,2,1955/1/1,Later Works,book,9,16,2,1,0,4.18,,Paperback,,28,2,"['Augustine of Hippo', 'John Burnaby']",37,1,
1708,0521589525,,Augustine: Ancient Thought Baptized,9780521589529,,,,ES,2003/8/22,Cambridge University Press,,false,2,1708,36,16,4,1,1994/9/28,Augustine: Ancient Thought Baptized,,2,0,2,0,0,4.00,356,Paperback,,4,1,['John M. Rist'],21,2,1
1710,8466308954,,Confesiones de un chef,9788466308953,,,,ES,2003/2/1,Santillana USA Publishing Company,spa,false,93,33313,293737,745413,183967,9941,2000/5/22,Kitchen Confidential: Adventures in the Culinary Underbelly,book,63419,76869,35426,6311,1942,4.05,478,Paperback,,9,0,['Anthony Bourdain'],81080,519,10389
1716,067358920X,,Love & Transformation: An Ovid Reader,9780673589200,,,,ES,1998/6/18,Addison Wesley Publishing Company,,false,3,1716,79,141,36,3,1994/9/30,Love and Transformation: An Ovid Reader,,14,8,11,3,0,3.92,192,Paperback,,31,2,"['Richard A. LaFleur', 'Ovid']",15,2,1
1734,0807844993,,Virgil's Aeneid: Interpretation and Influence,9780807844991,,,,ES,1995/4/17,University of North Carolina Press,,false,2,1734,23,30,7,0,1995/4/17,Virgil's Aeneid: Interpretation and Influence,,2,5,0,0,0,4.29,352,Paperback,,7,0,['Michael C.J. Putnam'],12,0,
1742,0300108222,,The Virgilian Tradition: The First Fifteen Hundred Years,9780300108224,,,,ES,2008/3/11,Yale University Press,,false,2,1742,14,5,1,1,2007/3/11,The Virgilian Tradition: The First Fifteen Hundred Years,,1,0,0,0,0,5.00,1128,Hardcover,,1,1,"['Jan M. Ziolkowski', 'Michael C.J. Putnam']",12,0,
1744,0806115602,,Tibullus: A Commentary,9780806115603,,,,ES,1979/11/15,University of Oklahoma Press,eng,false,3,1744,24,22,6,1,1973/1/1,Tibullus: A Commentary,book,2,0,4,0,0,3.67,222,Paperback,,6,1,['Michael C.J. Putnam'],6,0,1
1748,0801487269,,"Singers, Heroes, and Gods in the Odyssey",9780801487262,,,,ES,2001/3/1,Cornell University Press,,false,2,1748,15,15,3,0,1994/12/1,"Singers, Heroes, and Gods in the Odyssey (Myth and Poetics)",book,3,0,0,0,0,5.00,264,Paperback,,3,0,['Charles Segal'],8,0,1
1750,069101597X,,Dionysiac Poetics and Euripides' Bacchae,9780691015972,,,,ES,1997/11/16,Princeton University Press,eng,false,4,1750,44,60,13,0,1982/1/1,"Dionysiac Poetics and Euripides' ""Bacchae""",book,8,5,0,0,0,4.62,440,Paperback,Expanded Edition,12,0,['Charles Segal'],19,0,1
1762,0765809338,,Conversations with Lincoln,9780765809339,,,,ES,2002/5/1,Taylor & Francis,,false,1,1762,15,16,4,1,2002/5/22,Conversations With Lincoln,book,1,2,1,0,0,4.00,448,Paperback,,4,1,"['Abraham Lincoln', 'David Herbert Donald', 'Charles Segal']",9,0,
1764,084931576X,,Preventing Medication Errors and Improving Drug Therapy Outcomes,9780849315763,,,,ES,2003/2/25,CRC Press,,false,1,1764,7,7,2,0,2003/2/25,Preventing Medication Errors and Improving Drug Therapy Outcomes: A Management Systems Approach,,0,1,1,0,0,3.50,434,Hardcover,,2,0,"['Charles D. Hepler', 'Richard Segal']",5,0,
1766,0940087677,,The AutoCAD 3D Book,9780940087675,,,,ES,1991/5/1,Ventana Communications Group,,false,2,1766,13,1,1,0,1989/2/1,The Autocad 3d Book (The Autocad Reference Library),,0,0,0,0,1,1.00,318,Paperback,,1,0,"['George O. Head', 'Charles A. Pietra', 'Kenneth J. Segal']",7,0,1
1776,1576581640,,Cameron Townsend: Good News in Every Language (Christian Heroes: Then & Now),9781576581643,,,,ES,2001/12/5,YWAM Publishing,,false,7,1776,849,1820,454,35,2000/1/1,Cameron Townsend: Good News in Every Language (Christian Heroes: Then & Now),book,164,163,97,27,3,4.01,221,Paperback,,446,34,"['Janet Benge', 'Geoff Benge']",203,21,14
1798,0674009630,,Plato's Rhapsody and Homer's Music: The Poetics of the Panathenaic Festival in Classical Athens,9780674009639,,,,ES,2002/12/30,Harvard University Press,,false,1,1798,15,14,3,0,2002/12/30,Plato's Rhapsody and Homer's Music: The Poetics of the Panathenaic Festival in Classical Athens (Hellenic Studies),,2,1,0,0,0,4.67,136,Paperback,,3,0,['Gregory Nagy'],5,0,1
1804,0521011760,,Who Needs Greek? Contests in the Cultural History of Hellenism,9780521011761,,,,ES,2007/2/28,Cambridge University Press,eng,false,2,1804,30,34,10,1,2002/3/25,Who Needs Greek? Contests in the Cultural History of Hellenism,book,1,4,3,2,0,3.40,334,Paperback,,10,1,['Simon Goldhill'],17,0,
1810,0809313820,,The Literate Mode of Cicero's Legal Rhetoric,9780809313822,,,,ES,1987/12/1,Southern Illinois University Press,,false,2,1810,4,5,1,0,1987/12/1,The Literate Mode of Cicero's Legal Rhetoric,,1,0,0,0,0,5.00,144,Hardcover,,1,0,['Richard Leo Enos'],3,0,
1812,184467116X,,Not One More Death,9781844671168,,,,ES,2006/9/17,Verso,,false,2,1812,155,210,55,6,2006/9/17,Not One More Death,,16,19,15,4,1,3.82,80,Paperback,,54,6,"['Brian Eno', 'John le Carré', 'Richard Dawkins', 'Harold Pinter', 'Michel Faber', 'Haifa Zangana']",80,1,
1816,1594770905,,A Psychonaut's Guide to the Invisible Landscape: The Topography of the Psychedelic Experience,9781594770906,,,,ES,2006/2/14,Park Street Press,,false,5,1816,156,101,29,2,2006/2/14,A Psychonaut's Guide to the Invisible Landscape: The Topography of the Psychedelic Experience,,4,11,9,5,0,3.48,128,Paperback,,26,2,['Dan Carpenter'],103,3,3
1818,1880154854,,Jeff Koons/Andy Warhol: Flowers,9781880154854,,,,ES,2003/2/2,Gagosian Gallery,,false,1,1818,11,17,4,0,2003/2/2,Jeff Koons & Andy Warhol: Flowers,,2,1,1,0,0,4.25,111,Hardcover,,4,0,"['Gagosian Gallery', 'Daniel Pinchbeck']",6,0,
1826,0201774224,,Maximum Accessibility: Making Your Web Site More Usable for Everyone: Making Your Web Site More Usable for Everyone,9780201774221,,,,ES,2002/9/30,Addison-Wesley Professional,,false,1,1826,39,51,13,1,2002/9/30,Maximum Accessibility: Making Your Web Site More Usable for Everyone,,4,5,3,1,0,3.92,640,Paperback,,13,1,"['John M. Slatin', 'Sharron Rush']",19,0,
1830,0307201635,,Totally Amazing Rain Forests,9780307201638,,,,ES,1998/8/25,Golden Books,,false,1,1830,15,14,3,1,1998/8/25,Totally Amazing Rain Forests,,2,1,0,0,0,4.67,32,Paperback,,3,1,"['Kate Graham', 'Two-Can', 'Lorna Kent']",3,2,
1846,0785268839,,Wild at Heart: Discovering the Secret of a Man's Soul,9780785268833,,,,ES,2001/4/1,Thomas Nelson,eng,false,80,40881942,98520,239943,61242,1825,2001/4/1,,book,24112,18375,11412,4304,3039,3.92,256,Hardcover,,55208,1510,['John Eldredge'],31718,22,1797
1850,0515142395,,Born to Be Wild,9780515142396,,,,ES,2006/7/25,Jove,eng,false,25,1850,4691,9935,2631,117,2006/7/1,Born To Be Wild,book,744,874,752,202,59,3.78,354,Paperback,First Edition,2388,110,['Catherine Coulter'],979,20,120
1854,0321432061,,Designing for Interaction: Creating Smart Applications and Clever Devices,9780321432063,,,,ES,2006/7/28,New Riders Publishing,,false,11,1854,2286,3102,791,34,2006/7/18,Designing for Interaction: Creating Smart Applications and Clever Devices (Voices That Matter),book,250,296,194,35,16,3.92,231,Paperback,,642,25,['Dan Saffer'],1205,10,42
1856,1591583667,,In Web Design for Libraries,9781591583660,,,,ES,2006/12/30,Libraries Unlimited,eng,false,1,1856,15,24,9,2,2006/12/30,Crash Course in Web Design for Libraries,book,1,1,2,4,1,2.67,196,Paperback,,9,2,['Charles P. Rubenstein'],5,0,
1860,0415272521,,Web Production for Writers and Journalists (Media Skills),9780415272520,,,,ES,2002/8/2,Routledge,,false,1,1860,4,0,0,1,2002/8/2,Web Production for Writers and Journalists (Media Skills),book,0,0,0,0,0,0.00,176,Paperback,,0,1,['Jason Whittaker'],2,0,
1868,1558609237,,Observing the User Experience: A Practitioner's Guide to User Research,9781558609235,,,,ES,2003/4/22,Morgan Kaufmann Publishers,,false,9,1868,1989,2206,557,16,2003/1/1,Observing the User Experience: A Practitioner's Guide to User Research (Morgan Kaufmann Series in Interactive Technologies) (The Morgan Kaufmann Series in Interactive Technologies),book,193,205,116,30,13,3.96,576,Paperback,,478,12,['Mike Kuniavsky'],1168,27,67
1880,0226142647,,Intimate Matters: A History of Sexuality in America,9780226142647,,,,ES,1998/2/28,University of Chicago Press,,false,6,1880,2708,3293,817,36,1988/4/1,Intimate Matters: A History of Sexuality in America,book,308,304,151,30,24,4.03,466,Paperback,,744,27,"[""John D'Emilio"", 'Estelle B. Freedman']",1666,21,42
1884,0253210038,,The Gulf War Did Not Take Place,9780253210036,,,,ES,1995/10/22,Indiana University Press,,false,5,1884,1054,1379,380,29,1991/9/23,The Gulf War Did Not Take Place,book,80,145,101,42,12,3.63,96,Paperback,,356,26,"['Jean Baudrillard', 'Paul Patton']",529,9,15
1888,0192802380,,Pride and Prejudice,9780192802385,,,,ES,2004/2/11,Oxford University Press,eng,false,1764,1885,3734142,10765218,2531583,56163,1813/1/28,Pride and Prejudice,book,1348752,698282,322773,98235,63541,4.25,333,Paperback,"Oxford World Classics, UK / USA",2369,259,['Jane Austen'],2531,4870,111544
1890,0764586076,,Cliff's Notes on Austen's Pride and Prejudice,9780764586071,,,,ES,2000/5/30,Cliffs Notes,,false,14,1890,79,126,33,10,2000/5/30,,book,13,8,6,5,1,3.82,96,Paperback,,22,7,['Marie Kalil'],23,4,8
1892,0974505307,,The Annotated Pride & Prejudice,9780974505305,,,,ES,2004/1/1,Pheasant Books,,false,1764,1885,3734142,10765218,2531583,56163,1813/1/28,Pride and Prejudice,book,1348752,698282,322773,98235,63541,4.25,739,Hardcover,,85,25,"['Jane Austen', 'David M. Shapard']",2531,4870,111544
1894,1400032806,,Under the Banner of Heaven: A Story of Violent Faith,9781400032808,,,,ES,2003/7/10,Anchor Books,eng,false,44,10847,245176,555145,138995,9710,2003/7/10,Under the Banner of Heaven: A Story of Violent Faith,book,45210,58080,27613,5844,2248,3.99,399,Paperback,,7223,996,['Jon Krakauer'],88168,304,3835
1914,8427032226,,La Tierra es plana: Breve historia del mundo globalizado del siglo XXI,9788427032224,,,,ES,2006/1/1,Planeta Publishing,spa,false,86,1911,165040,336392,91437,3475,2005/1/1,The World Is Flat: A Brief History of the Twenty-first Century,book,22133,33125,24497,8054,3628,3.68,495,Paperback,,35,0,['Thomas L. Friedman'],63134,75,2810
1918,1580087140,,The Long-Distance Relationship Survival Guide: Secrets and Strategies from Successful Couples Who Have Gone the Distance,9781580087148,,,,ES,2006/2/1,Ten Speed Press,,false,4,1918,981,655,190,24,2006/2/1,The Long-Distance Relationship Survival Guide: Secrets And Strategies from Successful Couples Who Have Gone the Distance,,35,54,71,21,9,3.45,208,Paperback,,157,22,"['Chris Bell', 'Kate Brauer-Bell']",640,3,33
1920,0806527277,,"Separated By Duty, United In Love",9780806527277,,,,ES,2006/3/1,Citadel,,false,1,1920,171,299,81,11,2006/3/1,"Separated by Duty, United in Love: A Guide to Long-Distance Relationships for Military Couples",,23,27,19,7,5,3.69,208,Paperback,,81,11,['Shellie Vandevoorde'],61,1,5
1928,0345367227,,Avalanche: Heretical Reflections on the Dark and the Light,9780345367228,,,,ES,1992/5/26,Wellspring/Ballantine,,false,3,1928,62,113,28,2,1990/5/26,Avalanche: Heretical Reflections on the Dark and the Light,,10,9,9,0,0,4.04,368,Paperback,,28,1,['W. Brugh Joy'],26,1,3
1930,1566890446,,Avalanche,9781566890441,,,,ES,1996/4/1,Coffee House Press,,false,2,1930,59,118,32,0,1996/4/1,Avalanche,,8,10,12,0,2,3.69,128,Paperback,,31,0,"['Quincy Troupe', 'José Bedia']",19,0,
1934,0451529308,,Little Women,9780451529305,,,,ES,2004/4/6,Signet Classics,eng,false,2248,1934,1895235,5939478,1464608,20228,1868/9/30,Little Women,book,609274,472407,272371,75811,34745,4.06,449,Paperback,,1392414,15329,['Louisa May Alcott'],442749,2230,35168
1936,0439101360,,Little Women,9780439101363,,,,ES,2000/1/1,Scholastic Paperbacks,eng,false,2248,1934,1895235,5939478,1464608,20228,1868/9/30,Little Women,book,609274,472407,272371,75811,34745,4.06,562,Paperback,Scholastic Classics,421,38,"['Louisa May Alcott', 'Paula Danziger']",442749,2230,35168
1938,0393976149,,Little Women,9780393976144,,,,ES,2003/12/5,W. W. Norton & Company,,false,2248,1934,1895235,5939478,1464608,20228,1868/9/30,Little Women,book,609274,472407,272371,75811,34745,4.06,665,Paperback,,282,16,"['Louisa May Alcott', 'Gregory Eiselein', 'Anne K. Phillips']",442749,2230,35168
1942,,,Little Women,,,,,ES,2001/1/9,Modern Library,,false,2248,1934,1895235,5939478,1464608,20228,1868/9/30,Little Women,book,609274,472407,272371,75811,34745,4.06,528,Paperback,,137,23,"['Louisa May Alcott', 'Susan Cheever', 'Shawn Shimpach']",442749,2230,35168
1944,0440413486,,Jo's Story (Portraits of Little Women),9780440413486,,,,ES,2001/8/14,Yearling,,false,5,1786639,581,901,244,20,1997/1/1,Jo's Story,book,57,87,71,26,3,3.69,112,Paperback,,3,0,['Susan Beth Pfeffer'],199,11,6
1948,,,Little Women (SparkNotes Literature Guide),9781586634773,,,,ES,2002/7/15,SparkNotes,,false,6,18882996,6,61,15,0,2002/7/15,,book,7,4,3,0,1,4.07,72,Paperback,,9,0,"['SparkNotes', 'Louisa May Alcott']",,0,1
1976,1405228180,,"Den of Thieves (Cat Royal, #3)",9781405228183,,,,ES,2007/1/31,Egmont Books Ltd,eng,false,13,1976,2532,6705,1591,79,2007/2/5,"Den of Thieves (Cat Royal, #3)",book,685,618,246,28,14,4.21,416,Hardcover,,1399,59,['Julia Golding'],577,17,13
1992,0099913801,,The Rise And Fall Of The Third Chimpanzee: how our animal heritage affects the way we live,9780099913801,,,,ES,1992/5/28,Vintage,,false,63,49234,46595,74353,18344,734,1991/5/2,The Third Chimpanzee: The Evolution and Future of the Human Animal,book,6624,7285,3488,682,265,4.05,368,Paperback,,369,41,['Jared Diamond'],25488,77,678
2002,043932162X,,Harry Potter Schoolbooks Box Set: Two Classic Books from the Library of Hogwarts School of Witchcraft and Wizardry,9780439321624,,,,ES,2001/11/1,Arthur A. Levine,eng,false,5,2002,21494,55350,12572,186,2001/1/1,,book,7698,2797,1636,323,118,4.40,240,Hardcover,,11441,143,['J.K. Rowling'],6582,7,69
