A borrar,Academicos,Generalista,Adulto,Fantasia,Costumbrista,Cosas,Antologias,Por edades,Por tipo de libro
marvel,academic,action,adult,aliens,american,,anthologies,childrens,comics
holiday,anthropology,adventure,adult-fiction,angels,american-history,,autobiography,grad-school,essays
amazon,art,chick-lit,dark,demons,americana,,biography,college,graphic-novels
chapter-books,business,class,death,epic,criticism,,biography-memoir,high-school,graphic-novels-comics
harlequin,cookbooks,classic-literature,erotica,epic-fantasy,christianity,,collections,juvenile,manga
british-literature,cooking,classics,horror,fairy-tales,christian,,canon,middle-grade,novella
english-literature,cultural,christmas,menage,fantasy,christian-fiction,,memoir,new-adult,novels
european-literature,economics,comedy,abuse,ghosts,gay,,,school,poetry
france,education,contemporary,bdsm,high-fantasy,marriage,,,teen,retellings
international,faith,cozy-mystery,,magic,lgbt,,,young-adult,short-stories
regency,family,crime,,magical-realism,parenting,,,,textbooks
victorian,feminism,detective,,mythology,queer,,,,theatre
,food,drama,,paranormal,relationships,,,,unfinished
,health,fiction,,post-apocalyptic,society,,,,
,history,funny,,science-fiction,spirituality,,,,
,language,historical,,science-fiction-fantasy,inspirational,,,,
,leadership,historical-fiction,,shapeshifters,,,,,
,literature,humor,,steampunk,,,,,
,mental-health,literary-fiction,,speculative-fiction,,,,,
,mental-illness,love,,superheroes,,,,,
,personal-development,love-story,,supernatural,,,,,
,philosophy,medieval,,time-travel,,,,,
,politics,modern,,urban-fantasy,,,,,
,psychology,modern-classics,,vampires,,,,,
,reference,murder-mystery,,werewolves,,,,,
,religion,mystery,,witches,,,,,
,research,mystery-thriller,,dystopia,,,,,
,science,non-fiction,,,,,,,
,social,realistic-fiction,,,,,,,
,self-help,romance,,,,,,,
,social-issues,suspense,,,,,,,
,sociology,thriller,,,,,,,
,sports,true-crime,,,,,,,
,survival,tragedy,,,,,,,
,teaching,war,,,,,,,
,technology,gothic,,,,,,,
,theology,,,,,,,,
,travel,,,,,,,,
,writing,,,,,,,,
,medical,,,,,,,,
,animals,,,,,,,,
,nature,,,,,,,,
,movies,,,,,,,,
,picture-books,,,,,,,,
,music,,,,,,,,
,plays,,,,,,,,
,film,,,,,,,,
